Date,Open,High,Low,Close,Volume,Dividends,Stock Splits
2014-04-25 00:00:00-04:00,60.523120951636784,61.04544149914109,60.498249448242454,60.72209930419922,4397100,0.0,0.0
2014-04-28 00:00:00-04:00,61.11175765883391,61.82477013392597,60.73037992280433,61.02885055541992,7684400,0.0,0.0
2014-04-29 00:00:00-04:00,61.07861409780911,61.401956337673035,60.87963571760254,60.91279983520508,5027100,0.0,0.0
2014-04-30 00:00:00-04:00,60.62261994838562,60.672362960637216,60.058842616369795,60.290985107421875,8734100,0.0,0.0
2014-05-01 00:00:00-04:00,60.05884825168791,60.7552757901899,60.05884825168791,60.597747802734375,7016700,0.0,0.0
2014-05-02 00:00:00-04:00,60.40705725277873,61.30246943909646,60.050550900378624,61.236141204833984,6912000,0.0,0.0
2014-05-05 00:00:00-04:00,61.1449275568773,62.76163836550646,60.80500017765381,62.164703369140625,6211400,0.0,0.0
2014-05-06 00:00:00-04:00,62.09838067473615,62.17299518389251,61.609217921549565,61.717002868652344,4329800,0.0,0.0
2014-05-07 00:00:00-04:00,62.02376263368005,63.01037446856845,61.66725631459156,62.927467346191406,5480200,0.0,0.0
2014-05-08 00:00:00-04:00,62.786516126774835,63.201058008087365,62.48804546619724,62.89429473876953,6199400,0.0,0.0
2014-05-09 00:00:00-04:00,62.82798879447114,63.37518730800089,62.52123174180388,63.242530822753906,4212500,0.0,0.0
2014-05-12 00:00:00-04:00,63.42491710407569,63.94723767366824,63.35858887528068,63.690223693847656,4334100,0.0,0.0
2014-05-13 00:00:00-04:00,63.67365972189692,63.83947400733658,63.358603723988224,63.46638870239258,3476700,0.0,0.0
2014-05-14 00:00:00-04:00,63.14304008132374,63.40834670664825,62.92747647155729,63.01038360595703,2814000,0.0,0.0
2014-05-15 00:00:00-04:00,62.98550007151716,63.01037157454715,61.965724169433926,62.645572662353516,3799900,0.0,0.0
2014-05-16 00:00:00-04:00,62.645560574718516,63.57413656958203,62.570946080025635,63.48293685913086,5378500,0.0,0.0
2014-05-19 00:00:00-04:00,63.234222412109375,63.58244243617584,63.043536668971065,63.234222412109375,4314500,0.0,0.0
2014-05-20 00:00:00-04:00,63.23422848674724,63.44979207941896,62.85285063842551,62.95234298706055,2931700,0.0,0.0
2014-05-21 00:00:00-04:00,63.267390359624564,63.673646024756344,63.093283499743016,63.59073257446289,3370000,0.0,0.0
2014-05-22 00:00:00-04:00,63.540987508970034,64.14622151932792,63.44978777692421,64.01356506347656,3546400,0.0,0.0
2014-05-23 00:00:00-04:00,64.11305643657901,64.17938466350243,63.8311646348584,63.93894958496094,2494100,0.0,0.0
2014-05-27 00:00:00-04:00,64.08817357235364,64.11304507168914,63.83944592818502,63.98038864135742,2747300,0.0,0.0
2014-05-28 00:00:00-04:00,64.0301511470028,64.46127198352012,64.00527331713907,64.0467300415039,3744700,0.0,0.0
2014-05-29 00:00:00-04:00,64.26229386668466,64.55247196211717,63.89749493219346,64.38665771484375,3321400,0.0,0.0
2014-05-30 00:00:00-04:00,64.50273986770172,65.07480354538112,64.40324750725746,64.9338607788086,5286500,0.0,0.0
2014-06-02 00:00:00-04:00,64.96699458121837,65.1659728838418,64.71826695888443,64.91725158691406,2151100,0.0,0.0
2014-06-03 00:00:00-04:00,64.87581427416437,65.0665063516961,64.40323671074269,64.42810821533203,2946200,0.0,0.0
2014-06-04 00:00:00-04:00,64.49443754557471,64.85923648686784,64.14622382456301,64.80120086669922,2891900,0.0,0.0
2014-06-05 00:00:00-04:00,64.57736012239175,65.38157271244641,64.39496060810187,65.1825942993164,3309800,0.0,0.0
2014-06-06 00:00:00-04:00,65.36497669641155,65.85413952446523,65.2157476552591,65.43130493164062,2978500,0.0,0.0
2014-06-09 00:00:00-04:00,65.3483691370965,65.37324063304605,64.97528404704126,65.12451934814453,2890000,0.0,0.0
2014-06-10 00:00:00-04:00,65.0250240374249,65.0498955322264,64.50270367037638,64.68509674072266,2704800,0.0,0.0
2014-06-11 00:00:00-04:00,64.45296522366347,64.66852875730167,64.06329487165056,64.10475158691406,3125500,0.0,0.0
2014-06-12 00:00:00-04:00,63.95553520687235,64.04673494713396,62.86114464914154,62.99380111694336,3777700,0.0,0.0
2014-06-13 00:00:00-04:00,63.234215792234096,63.292251402601565,62.48804546619724,62.89429473876953,3107200,0.0,0.0
2014-06-16 00:00:00-04:00,62.80311874550468,63.308860537804875,62.66217597070876,63.126461029052734,3992800,0.0,0.0
2014-06-17 00:00:00-04:00,63.08499730772728,63.40834588087038,62.93576826299652,63.17619705200195,2780300,0.0,0.0
2014-06-18 00:00:00-04:00,63.73169005976078,64.16281096133376,63.10987705290557,64.137939453125,3481600,0.0,0.0
2014-06-19 00:00:00-04:00,64.22914015429885,64.4529900569121,64.10477628599855,64.21255493164062,4535000,0.0,0.0
2014-06-20 00:00:00-04:00,64.44468887716488,64.56904639131577,63.60731243790555,63.665348052978516,6127200,0.0,0.0
2014-06-23 00:00:00-04:00,63.64876191517619,63.65705452446906,63.01037015859084,63.27567672729492,3573100,0.0,0.0
2014-06-24 00:00:00-04:00,62.7699207692762,63.20933408041836,61.88280153959125,62.5792350769043,5865300,0.0,0.0
2014-06-25 00:00:00-04:00,62.6455558695384,62.836247883997395,62.23930666966349,62.56264877319336,4240500,0.0,0.0
2014-06-26 00:00:00-04:00,62.570977428106495,63.060134006133595,62.27250664898807,62.62901306152344,4008400,0.0,0.0
2014-06-27 00:00:00-04:00,62.554380185127215,62.82797940098595,62.33882291694314,62.778236389160156,7274100,0.0,0.0
2014-06-30 00:00:00-04:00,62.79481317938068,63.1264480063873,62.355399721895395,62.48805618286133,3982700,0.0,0.0
2014-07-01 00:00:00-04:00,62.919184717985424,63.283983704806616,62.52951422304624,63.043548583984375,3361300,0.0,0.0
2014-07-02 00:00:00-04:00,63.0020877684604,63.61561444749842,62.80310939100922,63.2176513671875,2759100,0.0,0.0
2014-07-03 00:00:00-04:00,63.35857803127254,63.78141251071126,63.26737831364053,63.69850540161133,2040800,0.0,0.0
2014-07-07 00:00:00-04:00,63.51611773869287,63.831167341828035,63.40833910942751,63.565860748291016,2439600,0.0,0.0
2014-07-08 00:00:00-04:00,63.49124004609219,63.55756826936418,63.15960525513973,63.44978332519531,3318100,0.0,0.0
2014-07-09 00:00:00-04:00,63.715106423668246,63.806306172977,63.217657270880856,63.70681381225586,3127300,0.0,0.0
2014-07-10 00:00:00-04:00,63.2093613731242,63.78143134806202,63.04354710595238,63.5161247253418,2911700,0.0,0.0
2014-07-11 00:00:00-04:00,63.466375547822906,63.864332280558074,63.25910457127927,63.756553649902344,2269000,0.0,0.0
2014-07-14 00:00:00-04:00,63.94724617370273,64.28717364740514,63.922374665950635,64.07990264892578,2272700,0.0,0.0
2014-07-15 00:00:00-04:00,64.01356937263664,64.37836832537685,63.77313427427681,64.17938995361328,3502300,0.0,0.0
2014-07-16 00:00:00-04:00,64.41152484159666,64.54417496531808,63.756547856189165,63.86432647705078,2796300,0.0,0.0
2014-07-17 00:00:00-04:00,63.75203216133755,64.07653298019035,63.3110378465192,63.32768249511719,2418500,0.275,0.0
2014-07-18 00:00:00-04:00,63.50239514941378,64.50085794671557,63.43582927010789,64.45925903320312,3247700,0.0,0.0
2014-07-21 00:00:00-04:00,64.05986568855019,64.30948454470038,63.69376607375342,64.10147094726562,3152200,0.0,0.0
2014-07-22 00:00:00-04:00,64.15969034705408,64.94182321034968,64.08480217917295,64.79205322265625,2697100,0.0,0.0
2014-07-23 00:00:00-04:00,64.75048795996575,65.05835044366745,64.54247431240121,65.0084228515625,2314500,0.0,0.0
2014-07-24 00:00:00-04:00,65.18312235487447,65.74060348805315,65.03335869445985,65.64075469970703,3798100,0.0,0.0
2014-07-25 00:00:00-04:00,65.5242908747064,65.90703517709477,65.40780375433044,65.8321533203125,3295000,0.0,0.0
2014-07-28 00:00:00-04:00,65.73230674917211,65.85711619615839,65.05834462274724,65.2164306640625,4278500,0.0,0.0
2014-07-29 00:00:00-04:00,65.3079311938804,65.43274059122655,64.74213409423828,64.74213409423828,3372500,0.0,0.0
2014-07-30 00:00:00-04:00,64.90023481930534,65.06664313858819,64.42596412647168,64.68389892578125,4014400,0.0,0.0
2014-07-31 00:00:00-04:00,64.32612419652904,64.68390784558838,63.535675048828125,63.535675048828125,4385900,0.0,0.0
2014-08-01 00:00:00-04:00,63.402540446062275,64.14306832741487,63.402540446062275,63.643836975097656,4483000,0.0,0.0
2014-08-04 00:00:00-04:00,63.66878642878413,64.46756407014394,63.652148137454525,64.37603759765625,4396200,0.0,0.0
2014-08-05 00:00:00-04:00,64.90856386115458,65.69901298170706,63.377580503318754,64.29283905029297,6797600,0.0,0.0
2014-08-06 00:00:00-04:00,62.17111110994617,64.42597796535408,62.14615049149917,64.09315490722656,11306300,0.0,0.0
2014-08-07 00:00:00-04:00,64.48423799781273,64.59240282140584,62.92829345372035,63.32768249511719,5665500,0.0,0.0
2014-08-08 00:00:00-04:00,63.44413159720561,64.8336605624208,63.3858880581867,64.74213409423828,4574600,0.0,0.0
2014-08-11 00:00:00-04:00,64.91688152805354,65.47436280087287,64.8586379739466,65.19978332519531,3248700,0.0,0.0
2014-08-12 00:00:00-04:00,65.07495846504722,65.59915032771414,65.000076633839,65.45770263671875,2425000,0.0,0.0
2014-08-13 00:00:00-04:00,65.67405559260376,65.85710858060622,65.26635070446191,65.65741729736328,3448300,0.0,0.0
2014-08-14 00:00:00-04:00,65.78221309636884,66.01518729236193,65.64076538424027,65.9819107055664,2696200,0.0,0.0
2014-08-15 00:00:00-04:00,65.98191801315986,66.1483263578504,65.26635070446191,65.65741729736328,3308500,0.0,0.0
2014-08-18 00:00:00-04:00,65.86543902190066,66.09009094973426,65.64910306867672,65.85711669921875,2205900,0.0,0.0
2014-08-19 00:00:00-04:00,65.98191747795357,66.18160875957673,65.70733799817711,66.17328643798828,2251800,0.0,0.0
2014-08-20 00:00:00-04:00,66.09841279046807,66.36466998169759,65.87375451620031,66.23986053466797,2584500,0.0,0.0
2014-08-21 00:00:00-04:00,66.38962984357424,66.41459046308078,65.67406246005041,65.71566772460938,2597400,0.0,0.0
2014-08-22 00:00:00-04:00,65.6574184384443,66.23153168125437,65.6574184384443,65.93199157714844,3502200,0.0,0.0
2014-08-25 00:00:00-04:00,66.09841115475588,66.37298431373968,65.82383164770005,65.90703582763672,2500700,0.0,0.0
2014-08-26 00:00:00-04:00,65.87372852742303,66.26479501139698,65.649076689858,66.02349853515625,2727200,0.0,0.0
2014-08-27 00:00:00-04:00,66.13167025144426,66.35632209107843,65.94029499332872,66.0900650024414,2093100,0.0,0.0
2014-08-28 00:00:00-04:00,65.99021621367638,66.23151269213957,65.70732083428004,66.0900650024414,1811400,0.0,0.0
2014-08-29 00:00:00-04:00,66.14833286439843,66.39795175405895,65.96527985839033,66.10672760009766,2416200,0.0,0.0
2014-09-02 00:00:00-04:00,66.12337047884262,66.38962765826828,65.91535685903908,66.33970642089844,2565800,0.0,0.0
2014-09-03 00:00:00-04:00,66.47283260551113,67.08023517551536,66.28977960227502,66.86389923095703,3512200,0.0,0.0
2014-09-04 00:00:00-04:00,66.9221144066163,67.52951671899427,66.58096916381255,66.822265625,4924000,0.0,0.0
2014-09-05 00:00:00-04:00,66.95541486081838,67.93723925214957,66.65587478562779,67.92891693115234,3567400,0.0,0.0
2014-09-08 00:00:00-04:00,67.99548995536591,68.32831300148378,67.52121917777121,67.72923278808594,3357600,0.0,0.0
2014-09-09 00:00:00-04:00,67.81243681878216,67.8623580537689,67.03862593612963,67.27992248535156,3849300,0.0,0.0
2014-09-10 00:00:00-04:00,67.21336967159314,67.55451510517203,67.05527726597631,67.32154083251953,2751100,0.0,0.0
2014-09-11 00:00:00-04:00,67.19670225469902,67.57944644364296,67.18837993483261,67.47127532958984,3926300,0.0,0.0
2014-09-12 00:00:00-04:00,67.69595141003562,67.69595141003562,66.83893633146387,67.03862762451172,2867800,0.0,0.0
2014-09-15 00:00:00-04:00,67.43799860601396,67.62936752605292,67.31318920055766,67.59608459472656,4369500,0.0,0.0
2014-09-16 00:00:00-04:00,67.52952358111261,68.70271673099101,67.52120126144825,68.4114990234375,3832000,0.0,0.0
2014-09-17 00:00:00-04:00,68.14523574130472,68.636144639754,68.02042634994783,68.42813110351562,3570100,0.0,0.0
2014-09-18 00:00:00-04:00,68.17854388661898,68.33662991594555,67.43801593155088,67.54618072509766,4831000,0.0,0.0
2014-09-19 00:00:00-04:00,67.95388192253378,68.02044779865675,67.42136760969277,67.70426940917969,5876000,0.0,0.0
2014-09-22 00:00:00-04:00,67.58778170881749,67.62938061997697,66.95541858732324,67.06358337402344,3534200,0.0,0.0
2014-09-23 00:00:00-04:00,67.03027798047161,67.18837029490058,66.41455970816966,66.5560073852539,3684000,0.0,0.0
2014-09-24 00:00:00-04:00,66.85557644367992,67.30488662629708,66.68084576400746,67.24664306640625,4268700,0.0,0.0
2014-09-25 00:00:00-04:00,67.04693044173368,67.22166106582806,66.32304098642565,66.43120574951172,3899100,0.0,0.0
2014-09-26 00:00:00-04:00,66.24817387702883,66.93045823382204,66.23985155553574,66.80564880371094,3917500,0.0,0.0
2014-09-29 00:00:00-04:00,66.3480207669578,66.7307650562355,65.95695415563206,66.58931732177734,3026900,0.0,0.0
2014-09-30 00:00:00-04:00,66.56432790581307,66.82226264506602,66.10669561223301,66.22318267822266,4049100,0.0,0.0
2014-10-01 00:00:00-04:00,66.10670491716043,66.42288958198213,65.77388830924056,65.84877014160156,6973100,0.0,0.0
2014-10-02 00:00:00-04:00,65.92366519519632,66.78068011127465,65.74892820532956,66.61426544189453,6297000,0.0,0.0
2014-10-03 00:00:00-04:00,66.92213971508669,67.729233547853,66.64756022285393,67.67098999023438,5630700,0.0,0.0
2014-10-06 00:00:00-04:00,67.86235902527419,68.161899135626,67.46297644351954,67.67930603027344,3370500,0.0,0.0
2014-10-07 00:00:00-04:00,67.41304150949969,68.22845757612164,67.26327147065365,67.4213638305664,4676200,0.0,0.0
2014-10-08 00:00:00-04:00,67.63767177989578,68.69437758796383,67.4379805933452,68.66109466552734,4846500,0.0,0.0
2014-10-09 00:00:00-04:00,68.66943686502209,69.22691169408525,68.16188326003319,68.18684387207031,5075700,0.0,0.0
2014-10-10 00:00:00-04:00,68.38656444538712,69.43494859167059,67.96221485394533,68.62786102294922,7263100,0.0,0.0
2014-10-13 00:00:00-04:00,68.66111742322974,68.66111742322974,66.58098169200153,66.66419219970703,7516200,0.0,0.0
2014-10-14 00:00:00-04:00,67.11349629130524,67.62936584385695,66.88883809745798,67.13013458251953,7812900,0.0,0.0
2014-10-15 00:00:00-04:00,66.30639494067154,66.54769139755457,64.49251670278277,65.72395324707031,9026300,0.0,0.0
2014-10-16 00:00:00-04:00,64.65060005807747,66.27310933750755,64.4009876406744,65.57418060302734,7354300,0.0,0.0
2014-10-17 00:00:00-04:00,66.45618504804526,66.70579755106967,65.70733484282987,66.53106689453125,5568000,0.0,0.0
2014-10-20 00:00:00-04:00,66.61426666793537,68.20349346239496,66.43953602292322,68.02876281738281,5721400,0.0,0.0
2014-10-21 00:00:00-04:00,68.25835427216676,69.37706687448227,68.04963866401879,69.22679138183594,5166000,0.275,0.0
2014-10-22 00:00:00-04:00,69.36037136506786,69.95312291878142,69.15999979828135,69.5022964477539,5206000,0.0,0.0
2014-10-23 00:00:00-04:00,70.06165033930466,70.50412638751193,69.65256955108403,69.79449462890625,3969400,0.0,0.0
2014-10-24 00:00:00-04:00,69.86130821484778,70.42066467294255,69.64424213801374,70.37057495117188,2709200,0.0,0.0
2014-10-27 00:00:00-04:00,70.37054906729357,71.14697131663672,70.30375854983528,70.82971954345703,3602500,0.0,0.0
2014-10-28 00:00:00-04:00,71.13026428222656,71.18036035068657,70.71283313885787,71.13026428222656,3386900,0.0,0.0
2014-10-29 00:00:00-04:00,71.02173957938143,71.58109582299491,70.61265881295455,71.1219253540039,3379100,0.0,0.0
2014-10-30 00:00:00-04:00,70.83807781317775,71.7564252369309,70.77963769628879,71.4224853515625,3102700,0.0,0.0
2014-10-31 00:00:00-04:00,72.36588963184568,72.76662647804406,71.56442230894497,71.63955688476562,6211000,0.0,0.0
2014-11-03 00:00:00-05:00,71.82319740422226,72.36585913348733,71.723018012015,71.8983383178711,5217300,0.0,0.0
2014-11-04 00:00:00-05:00,70.83805787582243,71.97347100109928,69.80283050965586,71.35567474365234,6300000,0.0,0.0
2014-11-05 00:00:00-05:00,72.07368837996253,73.36772156300822,71.53102642665485,73.05047607421875,5460700,0.0,0.0
2014-11-06 00:00:00-05:00,73.13394409625441,73.86862707599275,72.92522849873686,73.8268814086914,3994900,0.0,0.0
2014-11-07 00:00:00-05:00,73.60983586369423,73.81020747904053,73.25084468140253,73.78515625,3651200,0.0,0.0
2014-11-10 00:00:00-05:00,73.55973461503089,74.47808208152472,73.4011087034518,74.46138763427734,3489300,0.0,0.0
2014-11-11 00:00:00-05:00,74.57824196985726,75.28787356705459,74.56154115891533,74.9372329711914,3330300,0.0,0.0
2014-11-12 00:00:00-05:00,74.81201654008875,74.97064242662289,74.31944443587479,74.54486083984375,3000800,0.0,0.0
2014-11-13 00:00:00-05:00,74.68679843918324,75.25450519360976,74.63670872745293,75.24615478515625,3489000,0.0,0.0
2014-11-14 00:00:00-05:00,75.22108754422305,75.34631815577679,74.32778519039691,74.41127014160156,5289500,0.0,0.0
2014-11-17 00:00:00-05:00,74.41127470352028,75.24613700573657,74.41127470352028,75.23779296875,4021400,0.0,0.0
2014-11-18 00:00:00-05:00,75.17100245589417,75.51329268766602,74.91219718044516,75.23779296875,3938900,0.0,0.0
2014-11-19 00:00:00-05:00,75.18770494667326,75.44651661931668,74.5866030056228,74.79531860351562,4060500,0.0,0.0
2014-11-20 00:00:00-05:00,74.6533920550732,74.89550290819902,74.25266168192968,74.51146697998047,3513100,0.0,0.0
2014-11-21 00:00:00-05:00,74.8203731979089,75.11257377422987,74.49477736008055,74.57826232910156,4319400,0.0,0.0
2014-11-24 00:00:00-05:00,74.96228459040114,76.06430254088258,74.86209882417785,75.86393737792969,4193800,0.0,0.0
2014-11-25 00:00:00-05:00,76.03928001053337,76.03928001053337,75.24615679316452,75.3797378540039,3907800,0.0,0.0
2014-11-26 00:00:00-05:00,75.68028055221482,75.90569060573355,75.32128945254065,75.88064575195312,2112300,0.0,0.0
2014-11-28 00:00:00-05:00,76.14778726826741,76.8073292292491,76.08934716385099,76.27301788330078,1966200,0.0,0.0
2014-12-01 00:00:00-05:00,76.3231087238531,76.3231087238531,75.12091136222277,75.27118682861328,3788500,0.0,0.0
2014-12-02 00:00:00-05:00,75.22946937360047,75.53002041907243,75.05414899199118,75.2127685546875,3671400,0.0,0.0
2014-12-03 00:00:00-05:00,75.04577874228733,75.34632970830104,74.2610060677521,74.41963195800781,4429200,0.0,0.0
2014-12-04 00:00:00-05:00,74.73688023295675,75.11257213961773,74.3361498425787,75.00403594970703,4141500,0.0,0.0
2014-12-05 00:00:00-05:00,75.13762183268662,75.74707423457404,74.83707083579625,75.7220230102539,3074700,0.0,0.0
2014-12-08 00:00:00-05:00,75.47990943167592,76.1561459086816,75.40476850673399,75.77210998535156,2779000,0.0,0.0
2014-12-09 00:00:00-05:00,75.10421727999395,76.197884935376,74.96229220721041,76.18119049072266,3364900,0.0,0.0
2014-12-10 00:00:00-05:00,76.08934589068882,76.24797175837648,75.19604352698859,75.22943878173828,4549600,0.0,0.0
2014-12-11 00:00:00-05:00,75.37972060035388,76.59861883878989,75.30457967845683,75.91403198242188,4068000,0.0,0.0
2014-12-12 00:00:00-05:00,75.53000045586384,76.68210824599724,75.07082359956368,75.0875244140625,4312700,0.0,0.0
2014-12-15 00:00:00-05:00,75.93907245314196,76.41494369939524,74.56154841309497,75.0290756225586,6389600,0.0,0.0
2014-12-16 00:00:00-05:00,76.15614234384182,78.98632511745276,75.99751646377412,77.0661392211914,10159000,0.0,0.0
2014-12-17 00:00:00-05:00,77.49194014892915,79.10322509428383,77.39175435183353,78.61900329589844,6906500,0.0,0.0
2014-12-18 00:00:00-05:00,79.37037006160287,79.75440601069083,78.59394775576348,79.74605560302734,5929400,0.0,0.0
2014-12-19 00:00:00-05:00,80.41394878532755,80.75624543805928,79.60413121129865,79.89633178710938,9799900,0.0,0.0
2014-12-22 00:00:00-05:00,79.98815515777132,81.07347869873047,79.94641586434605,81.07347869873047,4196500,0.0,0.0
2014-12-23 00:00:00-05:00,81.5243065659794,81.9333873180369,80.87311497754266,81.70797729492188,4417500,0.0,0.0
2014-12-24 00:00:00-05:00,81.73302844682671,82.21725015691803,81.59110337060856,81.72467803955078,2590300,0.0,0.0
2014-12-26 00:00:00-05:00,82.31741565927264,82.33411647100299,81.74970908081586,82.02521514892578,2279200,0.0,0.0
2014-12-29 00:00:00-05:00,81.66622880192678,82.22558500651338,81.15696229640949,81.4408187866211,3142500,0.0,0.0
2014-12-30 00:00:00-05:00,81.10689546413818,81.76643762230461,81.03175452485564,81.42414093017578,2640000,0.0,0.0
2014-12-31 00:00:00-05:00,81.63285808288882,81.70799902357209,80.31377374196632,80.40560913085938,3406100,0.0,0.0
2015-01-02 00:00:00-05:00,80.58091938826671,80.87312633598441,78.79431428771018,79.39541625976562,5124200,0.0,0.0
2015-01-05 00:00:00-05:00,78.96962617320509,79.22008742455672,78.36853063505073,78.61064147949219,5887900,0.0,0.0
2015-01-06 00:00:00-05:00,79.00303781210742,79.56240054017367,78.20992096753673,78.66909790039062,5538700,0.0,0.0
2015-01-07 00:00:00-05:00,79.23679156343157,80.13009405548036,78.99468070883027,80.08834838867188,5792700,0.0,0.0
2015-01-08 00:00:00-05:00,80.87313353215289,81.81652587421475,80.84808230650908,81.7914810180664,6530700,0.0,0.0
2015-01-09 00:00:00-05:00,81.55770294368332,82.09201432458838,80.91485538355144,81.74971771240234,4457900,0.0,0.0
2015-01-12 00:00:00-05:00,81.38240272446313,81.91671423736969,81.00671076196917,81.14863586425781,5104300,0.0,0.0
2015-01-13 00:00:00-05:00,81.92504145948931,82.71816452672634,80.60596376561672,81.18201446533203,4069500,0.0,0.0
2015-01-14 00:00:00-05:00,80.98163505297933,81.39071575587133,80.41392849061171,81.25714111328125,4704500,0.0,0.0
2015-01-15 00:00:00-05:00,81.58275014511881,81.8582562502565,80.98999863889468,81.12357330322266,3784800,0.0,0.0
2015-01-16 00:00:00-05:00,80.82303371985519,82.55954918693745,80.7478991548781,82.43431854248047,4748900,0.0,0.0
2015-01-20 00:00:00-05:00,83.02079058422241,83.2889030277711,81.59647838470865,82.41755676269531,4612000,0.35,0.0
2015-01-21 00:00:00-05:00,82.85324060264506,83.37269896096151,82.28351434880409,83.36431884765625,5088500,0.0,0.0
2015-01-22 00:00:00-05:00,83.72458984096906,84.34458401126918,83.32242748673286,84.01782989501953,5184300,0.0,0.0
2015-01-23 00:00:00-05:00,84.1518861442073,84.9059301711538,83.79161796575681,84.30269622802734,4595500,0.0,0.0
2015-01-26 00:00:00-05:00,84.05970652406982,84.67970056495153,83.84186836132398,84.62943267822266,2858900,0.0,0.0
2015-01-27 00:00:00-05:00,83.83350621907022,84.8807966980898,83.62404812326629,84.47026062011719,3916900,0.0,0.0
2015-01-28 00:00:00-05:00,84.84726014518706,85.1153661810629,83.33078597902868,83.44808197021484,4844100,0.0,0.0
2015-01-29 00:00:00-05:00,83.32240157424567,83.92564172192105,83.12132365573781,83.87537384033203,4900800,0.0,0.0
2015-01-30 00:00:00-05:00,83.09621678031986,83.66594306178492,82.14108836612166,82.24163055419922,6161100,0.0,0.0
2015-02-02 00:00:00-05:00,82.3924099204128,83.12970629764193,81.31998579951804,83.03754425048828,4415500,0.0,0.0
2015-02-03 00:00:00-05:00,83.42295922181196,83.92565730751213,82.81971896211058,83.89214324951172,4297300,0.0,0.0
2015-02-04 00:00:00-05:00,83.79997665203277,84.7383510487919,83.56538465088114,84.16862487792969,5714000,0.0,0.0
2015-02-05 00:00:00-05:00,84.2440541241775,84.58756209953727,83.65756758279724,84.41999816894531,3464300,0.0,0.0
2015-02-06 00:00:00-05:00,84.60429647287735,84.99807222864627,83.92564805941971,84.29429626464844,4616100,0.0,0.0
2015-02-09 00:00:00-05:00,84.29430005615268,84.42834988725934,82.98728384013809,83.4145736694336,5458600,0.0,0.0
2015-02-10 00:00:00-05:00,84.82214760901823,85.35835981608969,82.40919267719667,85.1907958984375,9777600,0.0,0.0
2015-02-11 00:00:00-05:00,85.08186899359244,86.53969534362136,85.08186899359244,85.95320892333984,6922400,0.0,0.0
2015-02-12 00:00:00-05:00,86.31347624469069,86.42239852900417,85.09024191736378,86.29672241210938,5279700,0.0,0.0
2015-02-13 00:00:00-05:00,86.17103368691545,86.40562566164608,85.65158185491246,85.98670959472656,4125600,0.0,0.0
2015-02-17 00:00:00-05:00,85.64321180931545,86.76590393237552,85.2829436937367,86.75753021240234,5328400,0.0,0.0
2015-02-18 00:00:00-05:00,86.58997138473738,87.27699365042326,86.31348517738547,87.21834564208984,3860200,0.0,0.0
2015-02-19 00:00:00-05:00,87.19320972090303,87.35239990798479,85.83591905456903,85.97835540771484,3578400,0.0,0.0
2015-02-20 00:00:00-05:00,85.76050450012674,86.06212460348753,85.34996851194497,86.04536437988281,4313300,0.0,0.0
2015-02-23 00:00:00-05:00,86.08726825419049,86.84969871036864,85.87781018057932,86.51456451416016,3619600,0.0,0.0
2015-02-24 00:00:00-05:00,86.70728170509125,86.75755600063732,86.06215350699988,86.5983657836914,3423900,0.0,0.0
2015-02-25 00:00:00-05:00,86.43914884682205,87.20995295727714,86.3302329590901,86.66536712646484,3655500,0.0,0.0
2015-02-26 00:00:00-05:00,86.71564666755043,87.53672516835107,86.6905127202464,87.27699279785156,3497000,0.0,0.0
2015-02-27 00:00:00-05:00,86.92510021889245,87.57022827062023,86.80780420948739,87.02564239501953,3808900,0.0,0.0
2015-03-02 00:00:00-05:00,87.2183234738175,87.8383174603518,87.14292165033376,87.29373168945312,3189300,0.0,0.0
2015-03-03 00:00:00-05:00,87.27697676536253,87.45292075632376,86.26320059335612,86.67373657226562,4044500,0.0,0.0
2015-03-04 00:00:00-05:00,86.34698641908594,86.673740473027,86.10401430858957,86.3637466430664,3079500,0.0,0.0
2015-03-05 00:00:00-05:00,86.71566181970802,86.75755600063732,86.02863944068733,86.5983657836914,3619100,0.0,0.0
2015-03-06 00:00:00-05:00,85.81915687742021,86.03699505032998,85.08186680500225,85.37510681152344,4639800,0.0,0.0
2015-03-09 00:00:00-04:00,85.53429331848535,86.09564579704369,85.28294747294632,85.8778076171875,4217200,0.0,0.0
2015-03-10 00:00:00-04:00,85.11539241138918,85.74376672588586,85.03999056188354,85.06512451171875,3951300,0.0,0.0
2015-03-11 00:00:00-04:00,85.40024836651699,85.58457249908574,85.048360327333,85.09024810791016,3319900,0.0,0.0
2015-03-12 00:00:00-04:00,85.4421269112895,86.43914283994968,85.3499648618622,86.26319885253906,3731900,0.0,0.0
2015-03-13 00:00:00-04:00,86.38888839156283,87.06753050457401,86.07888814144317,86.51456451416016,4855000,0.0,0.0
2015-03-16 00:00:00-04:00,86.84970493058363,87.57023487462986,86.72402879898532,87.46131896972656,4873900,0.0,0.0
2015-03-17 00:00:00-04:00,87.09266851780131,87.16807675174245,86.31348419189453,86.31348419189453,4613600,0.0,0.0
2015-03-18 00:00:00-04:00,86.1040198726089,87.00888026144945,85.25781387933768,86.70726013183594,6695300,0.0,0.0
2015-03-19 00:00:00-04:00,86.78265780972565,86.90833391381105,86.39725577810869,86.58157348632812,3383500,0.0,0.0
2015-03-20 00:00:00-04:00,87.1345689730024,87.71267537033175,86.70727266227401,87.01727294921875,9136400,0.0,0.0
2015-03-23 00:00:00-04:00,87.17646222220137,88.26564048748516,87.09267386997246,87.60375213623047,4167000,0.0,0.0
2015-03-24 00:00:00-04:00,87.66237808530089,88.35778032400285,87.44454632235865,87.54508209228516,3532700,0.0,0.0
2015-03-25 00:00:00-04:00,87.90537475068366,87.91375486457035,86.0537658952735,86.07052612304688,4073600,0.0,0.0
2015-03-26 00:00:00-04:00,85.84429029206757,86.20455840989915,85.2745641148491,85.45050811767578,4265300,0.0,0.0
2015-03-27 00:00:00-04:00,85.4337575371309,86.25482958157252,85.38348964645368,85.8778076171875,4541600,0.0,0.0
2015-03-30 00:00:00-04:00,85.78566099305343,87.2183536645394,85.42539279668065,86.99214172363281,3978600,0.0,0.0
2015-03-31 00:00:00-04:00,86.98376507563809,87.3859274659074,86.41403875151326,86.47268676757812,3779400,0.0,0.0
2015-04-01 00:00:00-04:00,86.0118844495798,86.07053246680121,84.87243177885978,85.67675018310547,4591200,0.0,0.0
2015-04-02 00:00:00-04:00,85.23269217748658,86.52294843799037,85.22431206375104,86.05376434326172,3041400,0.0,0.0
2015-04-06 00:00:00-04:00,85.54267162236289,87.09266000961762,85.48402362042849,86.65699005126953,3209900,0.0,0.0
2015-04-07 00:00:00-04:00,86.6234854769295,87.5115857154872,86.38051333027337,86.40564727783203,2923100,0.0,0.0
2015-04-08 00:00:00-04:00,86.50617367223667,87.03400565109581,86.0872575769716,86.23806762695312,3307100,0.0,0.0
2015-04-09 00:00:00-04:00,86.33024413780636,86.53970222051878,85.32484150549473,85.7688980102539,5609500,0.0,0.0
2015-04-10 00:00:00-04:00,85.92808501145221,86.12916938070676,85.47565476885995,85.91133117675781,3606400,0.0,0.0
2015-04-13 00:00:00-04:00,85.85266566162841,86.43077191908974,85.45888350898967,85.57617950439453,6436900,0.0,0.0
2015-04-14 00:00:00-04:00,85.65160572285042,86.09565585478119,84.9394430969123,85.55106353759766,4729400,0.0,0.0
2015-04-15 00:00:00-04:00,85.66834358223048,85.8861817469122,85.09861742301463,85.23267364501953,4363500,0.0,0.0
2015-04-16 00:00:00-04:00,85.27458231366799,85.3918783405851,84.63782788743654,84.76350402832031,4077700,0.0,0.0
2015-04-17 00:00:00-04:00,84.27753396803561,84.38645623989292,83.15484194104445,84.10997009277344,6579200,0.0,0.0
2015-04-20 00:00:00-04:00,84.461869663167,85.00646192077254,84.21889753616905,84.85565185546875,4559100,0.0,0.0
2015-04-21 00:00:00-04:00,85.03997856005546,85.39186659239411,84.72160458681857,84.9645767211914,5004400,0.0,0.0
2015-04-22 00:00:00-04:00,85.25042903917198,85.47742439729998,84.31721378431754,85.10750579833984,5561800,0.35,0.0
2015-04-23 00:00:00-04:00,84.83006595347426,85.10750972621749,84.30880853931656,84.81324768066406,4120600,0.0,0.0
2015-04-24 00:00:00-04:00,84.86368707109533,85.6287516311153,84.7123547033355,85.4017562866211,5418800,0.0,0.0
2015-04-27 00:00:00-04:00,85.75486202418794,86.2004499868506,85.07386958421601,85.09909057617188,5425500,0.0,0.0
2015-04-28 00:00:00-04:00,85.08226844845075,85.84733937931513,84.69553162264668,85.7296371459961,4087700,0.0,0.0
2015-04-29 00:00:00-04:00,85.47743762283547,85.71284215340356,84.2331547000349,84.63670349121094,6140400,0.0,0.0
2015-04-30 00:00:00-04:00,84.42649795930771,84.9561644293632,83.24106647803684,83.47647094726562,7990100,0.0,0.0
2015-05-01 00:00:00-04:00,84.85528241772413,85.06546591658757,82.28263844420871,84.46013641357422,6699100,0.0,0.0
2015-05-04 00:00:00-04:00,84.55261384689987,85.1831643150077,84.08180488328584,84.20791625976562,3318800,0.0,0.0
2015-05-05 00:00:00-04:00,84.16586095610705,84.30037502823676,82.5516536048115,83.01405334472656,4556500,0.0,0.0
2015-05-06 00:00:00-04:00,83.0813356722116,83.35877943848328,82.58530567883938,83.12337493896484,3648400,0.0,0.0
2015-05-07 00:00:00-04:00,83.20744597539866,83.68666410440844,82.8122999645098,83.53533172607422,3822900,0.0,0.0
2015-05-08 00:00:00-04:00,83.94726665728444,84.99818388237385,83.94726665728444,84.62826538085938,4350700,0.0,0.0
2015-05-11 00:00:00-04:00,84.50216983324874,85.17475313450802,84.35924018904797,84.4853515625,3129000,0.0,0.0
2015-05-12 00:00:00-04:00,84.0902068772269,84.7123546186682,83.88002338967563,84.2751693725586,4019500,0.0,0.0
2015-05-13 00:00:00-04:00,84.46013652269914,84.69554101544375,83.62781166212608,83.91365814208984,3913200,0.0,0.0
2015-05-14 00:00:00-04:00,84.40968669304773,85.75485967967468,84.3424264401437,85.72122955322266,4289400,0.0,0.0
2015-05-15 00:00:00-04:00,85.80531156696861,85.8725718276367,85.24202131602925,85.813720703125,3788700,0.0,0.0
2015-05-18 00:00:00-04:00,85.56988374036618,86.43583851393885,85.50262349803496,86.12477111816406,2599700,0.0,0.0
2015-05-19 00:00:00-04:00,86.30133134536436,86.49469653966845,85.71281379933521,86.02388763427734,2969500,0.0,0.0
2015-05-20 00:00:00-04:00,86.02388638028012,86.02388638028012,85.11589229229888,85.14111328125,3800400,0.0,0.0
2015-05-21 00:00:00-04:00,85.14109412554318,88.2181823710756,84.99817094411604,87.17567443847656,7691600,0.0,0.0
2015-05-22 00:00:00-04:00,87.35226951402925,87.7894483999238,86.90668149159099,87.39430236816406,3671400,0.0,0.0
2015-05-26 00:00:00-04:00,87.41110672177614,87.70536231102936,86.20044782394478,86.469482421875,3692500,0.0,0.0
2015-05-27 00:00:00-04:00,86.68807926238269,87.31862973335475,86.62922814166362,86.99915313720703,3537700,0.0,0.0
2015-05-28 00:00:00-04:00,87.03280087329838,87.20095156054408,86.09118268189387,86.75536346435547,2599900,0.0,0.0
2015-05-29 00:00:00-04:00,86.72170187703131,86.77214385776566,85.60352426595591,86.07433319091797,4961500,0.0,0.0
2015-06-01 00:00:00-04:00,86.51152525568652,86.64603935306036,85.83052639039242,86.18363952636719,3292000,0.0,0.0
2015-06-02 00:00:00-04:00,85.79690861515279,85.96505285208086,85.08227957247982,85.61194610595703,3002400,0.0,0.0
2015-06-03 00:00:00-04:00,86.09115705486066,86.25930127776147,85.57830883643494,85.67919921875,2780300,0.0,0.0
2015-06-04 00:00:00-04:00,85.0822621217,85.72122163669765,84.30878852760767,84.80482482910156,3896100,0.0,0.0
2015-06-05 00:00:00-04:00,84.59466112062651,84.71236337267506,83.91366218886942,84.03136444091797,3536400,0.0,0.0
2015-06-08 00:00:00-04:00,83.92205197143254,84.06497518534653,83.37557369049594,83.57735443115234,3161400,0.0,0.0
2015-06-09 00:00:00-04:00,83.57735392927576,84.45171147637564,83.35035220097298,84.05657196044922,3299700,0.0,0.0
2015-06-10 00:00:00-04:00,84.49374203621694,86.07431918008854,84.40966994391444,85.8641357421875,3909200,0.0,0.0
2015-06-11 00:00:00-04:00,86.1920341413603,86.90666306736054,86.05752005663736,86.28451538085938,3361300,0.0,0.0
2015-06-12 00:00:00-04:00,85.97344946128126,86.44425838751287,85.4858222652325,85.9398193359375,2930900,0.0,0.0
2015-06-15 00:00:00-04:00,86.48630629819206,86.8898550140994,85.63716318762907,86.24249267578125,5501500,0.0,0.0
2015-06-16 00:00:00-04:00,86.26772399036662,86.83101428145736,85.99028020605317,86.73853302001953,4010100,0.0,0.0
2015-06-17 00:00:00-04:00,87.11686704244882,87.57086421204788,86.75535113411762,87.2850112915039,3101900,0.0,0.0
2015-06-18 00:00:00-04:00,87.49519731686541,89.11781438247652,87.46997632021372,88.32752227783203,4827100,0.0,0.0
2015-06-19 00:00:00-04:00,88.6722183227539,89.18506658929483,88.09210979502595,88.6722183227539,5664400,0.0,0.0
2015-06-22 00:00:00-04:00,89.05894316995378,89.5381612411517,88.88238981891146,89.2354965209961,3515700,0.0,0.0
2015-06-23 00:00:00-04:00,89.48771846238506,89.68949280259521,88.9580519996838,89.512939453125,3787300,0.0,0.0
2015-06-24 00:00:00-04:00,89.28594648444454,89.85764584981195,88.26025641255092,88.55451202392578,4655100,0.0,0.0
2015-06-25 00:00:00-04:00,88.7058283414549,89.21026735740527,87.7473922868622,88.28546142578125,5300400,0.0,0.0
2015-06-26 00:00:00-04:00,88.57973526624762,89.0169141264918,88.12573813390284,88.98328399658203,15550100,0.0,0.0
2015-06-29 00:00:00-04:00,88.26026211979877,88.96647563276491,88.07529960517668,88.1173324584961,4671900,0.0,0.0
2015-06-30 00:00:00-04:00,88.64699337151791,88.86557958918159,88.05007301228322,88.17617797851562,4251300,0.0,0.0
2015-07-01 00:00:00-04:00,88.90762305060163,89.01691616459216,88.1593702822789,88.87399291992188,3909500,0.0,0.0
2015-07-02 00:00:00-04:00,88.97486061718001,89.30274628980949,88.57971470034705,88.73945617675781,2509700,0.0,0.0
2015-07-06 00:00:00-04:00,87.33544954668834,88.92443636515384,87.12526603721628,88.1173324584961,4041100,0.0,0.0
2015-07-07 00:00:00-04:00,88.361140276265,89.47931801239932,87.49518530059254,89.4372787475586,4782300,0.0,0.0
2015-07-08 00:00:00-04:00,88.58813561990495,89.05894456338414,87.58766020072086,87.5960693359375,4825900,0.0,0.0
2015-07-09 00:00:00-04:00,89.12620958909984,89.44568618724092,88.77309644829101,88.8655776977539,5564500,0.0,0.0
2015-07-10 00:00:00-04:00,89.83242431066377,90.58908617409449,89.6558709449118,90.32846069335938,4486600,0.0,0.0
2015-07-13 00:00:00-04:00,91.21962580602775,91.7745132446289,90.64792651214647,91.7745132446289,3720100,0.0,0.0
2015-07-14 00:00:00-04:00,91.80813418148993,92.44709370576847,91.47184577172358,92.32939147949219,3756800,0.0,0.0
2015-07-15 00:00:00-04:00,92.08557838526163,92.69931692352151,91.81654380743448,92.39665222167969,4286800,0.0,0.0
2015-07-16 00:00:00-04:00,92.84224928320957,93.06924462480087,92.51436355963828,92.93473052978516,2937300,0.0,0.0
2015-07-17 00:00:00-04:00,92.93473695988044,92.93473695988044,92.05196369577712,92.59844207763672,3004400,0.0,0.0
2015-07-20 00:00:00-04:00,92.59842955439733,93.44757257400694,92.17806261201699,93.30464935302734,2579300,0.0,0.0
2015-07-21 00:00:00-04:00,93.36370040411173,93.56611956921421,92.41066763144678,92.82392883300781,2561400,0.35,0.0
2015-07-22 00:00:00-04:00,92.86608340100682,93.67574060334405,92.78174531558109,93.59983825683594,3130300,0.0,0.0
2015-07-23 00:00:00-04:00,93.82755858549547,94.15648164689364,92.76488061466388,92.93356323242188,2957600,0.0,0.0
2015-07-24 00:00:00-04:00,93.1950125827355,93.84442296137114,92.68897760223471,93.18657684326172,3255600,0.0,0.0
2015-07-27 00:00:00-04:00,92.51184858597512,92.80703506717252,91.7274922590319,92.57931518554688,3979300,0.0,0.0
2015-07-28 00:00:00-04:00,93.04319183647544,94.38419115262946,92.82390767489001,94.1564712524414,4085500,0.0,0.0
2015-07-29 00:00:00-04:00,94.18175161125703,95.85167359039103,94.16488657229205,95.68299102783203,4685500,0.0,0.0
2015-07-30 00:00:00-04:00,95.04205071695824,95.43001109826125,94.67095538067531,95.25289916992188,3920700,0.0,0.0
2015-07-31 00:00:00-04:00,95.59869830053812,95.72520867380814,94.83964249550284,94.85651397705078,4730100,0.0,0.0
2015-08-03 00:00:00-04:00,95.44687416317876,95.79266870746581,94.50227723163172,95.15168762207031,4774600,0.0,0.0
2015-08-04 00:00:00-04:00,93.39742435863359,93.86972924570718,89.87203813998849,92.73957824707031,9542400,0.0,0.0
2015-08-05 00:00:00-04:00,93.19501964500536,94.08901505945606,93.00103622991176,93.78539276123047,4307500,0.0,0.0
2015-08-06 00:00:00-04:00,93.96251064160914,94.24926145811612,91.1624369204176,91.187744140625,6783300,0.0,0.0
2015-08-07 00:00:00-04:00,91.18771933657841,91.32265896805772,90.36119076840566,90.86722564697266,4548000,0.0,0.0
2015-08-10 00:00:00-04:00,91.64314966238548,92.22508685815524,91.32265598325479,91.60941314697266,3335700,0.0,0.0
2015-08-11 00:00:00-04:00,91.14557884668795,92.08174659385521,90.6058072634941,91.15401458740234,2905300,0.0,0.0
2015-08-12 00:00:00-04:00,90.74073449889528,91.50822593403913,90.04072254562837,91.35641479492188,3913800,0.0,0.0
2015-08-13 00:00:00-04:00,91.74437994787084,91.82028873867878,90.52146146620505,90.80821228027344,3565200,0.0,0.0
2015-08-14 00:00:00-04:00,90.89255037649448,91.17930762514716,90.51302572620766,90.80821228027344,2087000,0.0,0.0
2015-08-17 00:00:00-04:00,90.30217385278428,91.77811300187173,90.23470080452583,91.71063995361328,3405500,0.0,0.0
2015-08-18 00:00:00-04:00,91.37328535703101,91.80341801626743,91.00219644367925,91.47449493408203,3032900,0.0,0.0
2015-08-19 00:00:00-04:00,91.1455618262417,91.29737295782743,89.90577199072212,90.04071807861328,4685800,0.0,0.0
2015-08-20 00:00:00-04:00,89.7371121469452,90.70701641778163,89.41661834716797,89.41661834716797,4754800,0.0,0.0
2015-08-21 00:00:00-04:00,88.54791910655244,88.75033826481736,85.22495169067594,86.20328521728516,8199200,0.0,0.0
2015-08-24 00:00:00-04:00,81.21037049591648,87.89004626195245,68.62693953135143,84.51647186279297,13610400,0.0,0.0
2015-08-25 00:00:00-04:00,87.83102016089252,88.05874006522355,84.28033342541312,84.33937072753906,8518200,0.0,0.0
2015-08-26 00:00:00-04:00,87.19004439662477,87.32499048652204,85.0478234788836,86.75991821289062,8957800,0.0,0.0
2015-08-27 00:00:00-04:00,88.07561099550989,89.01177858792975,86.91172991812097,88.72502136230469,6216200,0.0,0.0
2015-08-28 00:00:00-04:00,88.88526702044602,88.95274006491518,87.19004377701502,87.86476135253906,5082700,0.0,0.0
2015-08-31 00:00:00-04:00,87.99127566285364,88.0081407074382,86.05990311143118,86.363525390625,5010200,0.0,0.0
2015-09-01 00:00:00-04:00,84.87914325819922,85.51168854665038,84.17069562373396,84.56708526611328,6787400,0.0,0.0
2015-09-02 00:00:00-04:00,85.58762419110755,86.07678781076287,84.22132362275472,85.27556610107422,5809500,0.0,0.0
2015-09-03 00:00:00-04:00,85.86590652157312,86.72617165870103,85.34300657016497,85.68035888671875,3963300,0.0,0.0
2015-09-04 00:00:00-04:00,84.54177776597275,85.06468414598952,84.02730712414836,84.4405746459961,4361500,0.0,0.0
2015-09-08 00:00:00-04:00,86.00086593277965,86.18641359640856,84.90445143020015,86.14424133300781,4641800,0.0,0.0
2015-09-09 00:00:00-04:00,86.9876281015742,87.36715270320478,84.34780806424156,84.53335571289062,3886700,0.0,0.0
2015-09-10 00:00:00-04:00,84.32251645021567,85.7731484068841,83.98515763731766,85.01409912109375,4151000,0.0,0.0
2015-09-11 00:00:00-04:00,84.82010877637771,85.63820173951702,84.51648651305624,85.62133026123047,3381000,0.0,0.0
2015-09-14 00:00:00-04:00,85.63820822860329,85.76471858700394,84.35624603420004,84.47432708740234,3614100,0.0,0.0
2015-09-15 00:00:00-04:00,85.014101049344,86.10207343287617,84.43215724476015,85.68881225585938,3545900,0.0,0.0
2015-09-16 00:00:00-04:00,85.66350726618087,86.01773111481067,84.9719246135581,85.6382064819336,3471600,0.0,0.0
2015-09-17 00:00:00-04:00,85.67193970419306,86.55749929164017,84.65143402651567,85.46952056884766,4437500,0.0,0.0
2015-09-18 00:00:00-04:00,84.09479404543936,85.11529975939182,83.34417408695711,83.52128601074219,8916800,0.0,0.0
2015-09-21 00:00:00-04:00,84.14539769421394,85.25867726737653,83.91768419645565,85.10687255859375,3889100,0.0,0.0
2015-09-22 00:00:00-04:00,84.07792663720393,84.55022508735325,83.63935827527916,84.36467742919922,3546700,0.0,0.0
2015-09-23 00:00:00-04:00,84.44900021467758,85.08154542488776,83.88392803785632,84.87069702148438,4033600,0.0,0.0
2015-09-24 00:00:00-04:00,83.91769531811968,84.7526535000031,83.15863950068703,83.63937377929688,4894800,0.0,0.0
2015-09-25 00:00:00-04:00,84.16226576614233,84.22130307313998,82.84657353328986,83.16706085205078,4938400,0.0,0.0
2015-09-28 00:00:00-04:00,82.90560799737888,83.03211191190456,80.98266484700122,81.260986328125,5897000,0.0,0.0
2015-09-29 00:00:00-04:00,81.26099601335874,82.07908907591008,79.73445520669146,80.22362518310547,6944200,0.0,0.0
2015-09-30 00:00:00-04:00,81.24413324798405,81.71643175731792,80.61158784387564,81.37064361572266,5904400,0.0,0.0
2015-10-01 00:00:00-04:00,81.37905376338946,81.89352441904838,80.14769977209238,81.73328399658203,6385200,0.0,0.0
2015-10-02 00:00:00-04:00,80.6115810255769,83.4959862800418,80.56097302201123,83.46224975585938,5549000,0.0,0.0
2015-10-05 00:00:00-04:00,84.22130078594427,86.2370113431595,84.13696269746427,86.00086212158203,6942400,0.0,0.0
2015-10-06 00:00:00-04:00,86.11048988726803,86.15266214336083,84.0357422922437,84.18755340576172,4985500,0.0,0.0
2015-10-07 00:00:00-04:00,84.82010496571924,85.49482250602848,84.32250576654326,85.19120025634766,4393200,0.0,0.0
2015-10-08 00:00:00-04:00,85.19121451550943,86.44786954922427,84.76108185070282,86.16954803466797,5140000,0.0,0.0
2015-10-09 00:00:00-04:00,86.03458930276034,86.46471543768284,85.62132177528625,86.02615356445312,4410300,0.0,0.0
2015-10-12 00:00:00-04:00,86.19482646281205,87.30810579768286,86.04301535193953,86.92858123779297,3443300,0.0,0.0
2015-10-13 00:00:00-04:00,86.71774685611885,87.52740410020068,85.85748804508935,86.0683364868164,4123700,0.0,0.0
2015-10-14 00:00:00-04:00,86.19484170220638,86.63341007097003,84.3562430052754,84.71890258789062,4186000,0.0,0.0
2015-10-15 00:00:00-04:00,85.17433939591305,86.43943011575061,84.55022977581008,86.37196350097656,3729400,0.0,0.0
2015-10-16 00:00:00-04:00,86.86955329074658,87.56113588480414,86.27074452079533,87.1900405883789,3844200,0.0,0.0
2015-10-19 00:00:00-04:00,86.76834805753464,87.3671568573668,86.44786074390981,87.29969024658203,3129900,0.0,0.0
2015-10-20 00:00:00-04:00,87.44353394084854,88.34902656615631,87.29967213505513,87.6720199584961,4620200,0.35,0.0
2015-10-21 00:00:00-04:00,87.98515226809967,88.49290408580052,87.07119512238934,87.40969848632812,3670900,0.0,0.0
2015-10-22 00:00:00-04:00,88.0274736394783,88.45060129031611,87.4097108848478,88.25596618652344,6172200,0.0,0.0
2015-10-23 00:00:00-04:00,88.8314228813819,88.8314228813819,86.80887316242246,87.9682388305664,5838800,0.0,0.0
2015-10-26 00:00:00-04:00,88.0020691749927,88.29825717925726,87.18966502483235,87.56201934814453,4986400,0.0,0.0
2015-10-27 00:00:00-04:00,87.35047046795056,89.70305909806196,87.20660862082354,89.10221862792969,6893700,0.0,0.0
2015-10-28 00:00:00-04:00,88.95835308743999,89.27146339390319,86.75808429993216,87.8497543334961,6465800,0.0,0.0
2015-10-29 00:00:00-04:00,88.28134320310993,88.63676884158583,87.63818743604767,87.84129333496094,6799100,0.0,0.0
2015-10-30 00:00:00-04:00,87.84130692636272,87.84130692636272,81.57901611538693,83.59310150146484,23729900,0.0,0.0
2015-11-02 00:00:00-05:00,84.1600952725156,84.94711303710938,83.10227604356787,84.94711303710938,7290500,0.0,0.0
2015-11-03 00:00:00-05:00,84.32934072426227,84.93018120385685,83.96545069223565,84.53244018554688,4303500,0.0,0.0
2015-11-04 00:00:00-05:00,84.98094280200756,85.53947431447055,83.23765921416472,84.26162719726562,7584900,0.0,0.0
2015-11-05 00:00:00-05:00,84.45629531156364,84.91326756652683,83.68619976375233,84.23626708984375,4105000,0.0,0.0
2015-11-06 00:00:00-05:00,83.91467372179713,84.27855728128044,83.16996496940106,83.525390625,4166700,0.0,0.0
2015-11-09 00:00:00-05:00,83.1614957111964,83.22919767677503,82.0782900875973,82.92454528808594,4013600,0.0,0.0
2015-11-10 00:00:00-05:00,82.85684385043392,83.17841847930129,82.57757810471485,82.79759979248047,4400100,0.0,0.0
2015-11-11 00:00:00-05:00,82.93300072336474,83.02608930191431,80.0895830391934,80.26729583740234,7996700,0.0,0.0
2015-11-12 00:00:00-05:00,79.72569872688628,80.055737726408,78.49863131393782,78.80328369140625,8111500,0.0,0.0
2015-11-13 00:00:00-05:00,78.32094345122572,78.59174493341173,77.40698602769164,77.69470977783203,7508600,0.0,0.0
2015-11-16 00:00:00-05:00,77.74545590451349,79.24332454335791,77.70314056828506,79.22640228271484,5355600,0.0,0.0
2015-11-17 00:00:00-05:00,79.33644929983082,80.35195326830194,78.88793493948245,79.37030029296875,4705700,0.0,0.0
2015-11-18 00:00:00-05:00,79.42106059393306,80.69890793659016,79.38720960631919,80.55504608154297,4932000,0.0,0.0
2015-11-19 00:00:00-05:00,80.56350027059979,80.72429084024623,77.96549681289821,78.27014923095703,6399000,0.0,0.0
2015-11-20 00:00:00-05:00,78.80331071127446,78.86254833518153,77.67778940062337,77.7962646484375,6925000,0.0,0.0
2015-11-23 00:00:00-05:00,77.80472020841384,77.94858207070999,76.2476069817938,77.48313903808594,5968000,0.0,0.0
2015-11-24 00:00:00-05:00,77.17001107494097,78.34630524559037,76.86535869700441,78.0670394897461,4474400,0.0,0.0
2015-11-25 00:00:00-05:00,78.29552735293245,79.928800128201,78.26168282697094,79.46336364746094,5013800,0.0,0.0
2015-11-27 00:00:00-05:00,79.70879066038603,80.43657075213154,79.55646444452265,80.08113861083984,2688000,0.0,0.0
2015-11-30 00:00:00-05:00,80.02187113403816,81.20662943124434,79.54797039772102,79.62413024902344,5722100,0.0,0.0
2015-12-01 00:00:00-05:00,80.11499205359833,80.87662315625602,79.65801339200371,80.77507019042969,6695600,0.0,0.0
2015-12-02 00:00:00-05:00,80.3519426950564,80.8597010688945,79.88650612759271,79.97113037109375,5505500,0.0,0.0
2015-12-03 00:00:00-05:00,80.07267399041396,80.55503922412184,78.39708575645149,78.57479858398438,6014000,0.0,0.0
2015-12-04 00:00:00-05:00,78.93867944295648,80.9527708342045,78.86251957845438,80.78351593017578,5170800,0.0,0.0
2015-12-07 00:00:00-05:00,81.07124142712965,81.65515305767362,80.808897954912,81.52821350097656,5330400,0.0,0.0
2015-12-08 00:00:00-05:00,81.12202250218466,81.5790010765816,80.31808265948047,80.95277404785156,4645000,0.0,0.0
2015-12-09 00:00:00-05:00,80.37733459472656,81.6213245143383,79.64109012864074,80.37733459472656,5400100,0.0,0.0
2015-12-10 00:00:00-05:00,80.31809316056477,80.85969603293942,79.9034234173283,80.17422485351562,3513500,0.0,0.0
2015-12-11 00:00:00-05:00,80.17422920297643,80.17422920297643,78.31247003523984,78.90484619140625,6095900,0.0,0.0
2015-12-14 00:00:00-05:00,79.05717214366597,79.74264335795827,78.16860791242163,79.6410903930664,5827600,0.0,0.0
2015-12-15 00:00:00-05:00,80.36886620442294,80.77506512944593,78.27015023708583,78.35477447509766,8631500,0.0,0.0
2015-12-16 00:00:00-05:00,79.6749563172684,82.77224807830757,79.09103795840635,82.56068420410156,10374000,0.0,0.0
2015-12-17 00:00:00-05:00,82.27294455270929,82.40834204872783,80.14884185791016,80.14884185791016,6977600,0.0,0.0
2015-12-18 00:00:00-05:00,79.63262387671072,80.81738260938803,79.15025860525687,80.2757797241211,9128500,0.0,0.0
2015-12-21 00:00:00-05:00,80.62272737725822,81.51976224973586,80.43655666284886,81.19818115234375,3689800,0.0,0.0
2015-12-22 00:00:00-05:00,81.94288835896259,83.40690616421426,81.51129642132243,83.16149139404297,6232600,0.0,0.0
2015-12-23 00:00:00-05:00,83.44921772640078,83.85541656756521,82.99223918778016,83.36459350585938,3796500,0.0,0.0
2015-12-24 00:00:00-05:00,83.31381416132359,83.99928520036529,83.19533896078092,83.66078186035156,1793000,0.0,0.0
2015-12-28 00:00:00-05:00,83.27999424333854,83.7623595470393,83.0430373158296,83.2884521484375,2710800,0.0,0.0
2015-12-29 00:00:00-05:00,83.6946466941352,84.21932082441333,83.3646076585037,84.08392333984375,2819600,0.0,0.0
2015-12-30 00:00:00-05:00,84.0839074774588,84.2870068942062,83.53384036970442,83.5592269897461,2500700,0.0,0.0
2015-12-31 00:00:00-05:00,83.45769492907161,83.54231916263625,82.72145053858752,82.73837280273438,3442400,0.0,0.0
2016-01-04 00:00:00-05:00,81.38436121765437,81.72286458969928,80.70736092997933,81.62977600097656,5911000,0.0,0.0
2016-01-05 00:00:00-05:00,81.57054169496236,82.2136974822245,81.15587843705028,81.86672973632812,5414800,0.0,0.0
2016-01-06 00:00:00-05:00,80.84276980649432,81.6297875135184,80.45349313348676,80.86815643310547,5901400,0.0,0.0
2016-01-07 00:00:00-05:00,79.97114176262343,80.97818783605801,79.48031204141861,79.7003402709961,6309700,0.0,0.0
2016-01-08 00:00:00-05:00,80.0472781347952,81.24050109368793,78.93868586300704,79.1756362915039,5634400,0.0,0.0
2016-01-11 00:00:00-05:00,79.40416077127765,80.64815747792647,79.20105478818812,80.32657623291016,6243400,0.0,0.0
2016-01-12 00:00:00-05:00,80.93584170356166,81.40128461675312,80.13190189686486,80.97815704345703,5333500,0.0,0.0
2016-01-13 00:00:00-05:00,81.1051085125329,81.77365100446865,79.50568643987727,79.6410903930664,6270900,0.0,0.0
2016-01-14 00:00:00-05:00,79.64109264222903,81.52823848408315,79.64109264222903,80.82585144042969,4986800,0.0,0.0
2016-01-15 00:00:00-05:00,79.13332463981108,80.48733165278675,78.65941734295855,79.46336364746094,7556600,0.0,0.0
2016-01-19 00:00:00-05:00,80.28425370299436,80.86816555012767,79.8357329087739,80.44503784179688,6258600,0.0,0.0
2016-01-20 00:00:00-05:00,79.36119618402041,80.75528693437043,78.50263815964549,80.00724029541016,7107700,0.425,0.0
2016-01-21 00:00:00-05:00,80.37275894217431,81.0187965235995,79.48870034687673,80.3132553100586,4845700,0.0,0.0
2016-01-22 00:00:00-05:00,81.43533605630257,81.6818464942776,80.22825207189781,81.29932403564453,4376900,0.0,0.0
2016-01-25 00:00:00-05:00,81.23131807594602,81.43533610706025,79.89673092810516,79.96473693847656,5734900,0.0,0.0
2016-01-26 00:00:00-05:00,80.01574140262197,80.33876672209583,79.41220262861866,79.93923950195312,4529000,0.0,0.0
2016-01-27 00:00:00-05:00,80.01574109454313,81.0188070848271,79.46321007519012,80.19425201416016,3905600,0.0,0.0
2016-01-28 00:00:00-05:00,80.98481617618101,80.98481617618101,79.12319831613182,79.47171783447266,4074700,0.0,0.0
2016-01-29 00:00:00-05:00,80.08374987695137,82.10688018798828,79.23369414342838,82.10688018798828,6245300,0.0,0.0
2016-02-01 00:00:00-05:00,81.51185968466305,83.21197148367224,81.23133968132768,82.7274398803711,3915200,0.0,0.0
2016-02-02 00:00:00-05:00,81.73288212231067,81.95389848855955,80.52580421160395,80.70431518554688,4437800,0.0,0.0
2016-02-03 00:00:00-05:00,81.23983278508467,81.63085767598331,79.78623814106659,81.06982421875,5070200,0.0,0.0
2016-02-04 00:00:00-05:00,80.79780901619122,81.2228369300367,79.82874589145642,80.44078063964844,4686800,0.0,0.0
2016-02-05 00:00:00-05:00,80.37278261855732,80.57679420513662,78.68116682004427,79.14019775390625,6353500,0.0,0.0
2016-02-08 00:00:00-05:00,78.39213958542555,78.52814512829775,75.85897068464993,76.2074966430664,9664800,0.0,0.0
2016-02-09 00:00:00-05:00,73.97183875206706,78.17111567837382,73.52981267396574,76.93853759765625,11876900,0.0,0.0
2016-02-10 00:00:00-05:00,77.5250797182429,80.20275655572065,77.40607243528038,79.14868927001953,7471500,0.0,0.0
2016-02-11 00:00:00-05:00,78.06062419212397,80.23676492357893,77.76310596484082,79.79473876953125,8835600,0.0,0.0
2016-02-12 00:00:00-05:00,80.47476744778524,81.57984239544632,79.93073234643487,81.48633575439453,4701700,0.0,0.0
2016-02-16 00:00:00-05:00,82.40440368652344,82.99093772405854,81.89436506548705,82.40440368652344,5943300,0.0,0.0
2016-02-17 00:00:00-05:00,82.79542947096951,83.51797554501475,82.42990524733571,83.04194641113281,5626600,0.0,0.0
2016-02-18 00:00:00-05:00,82.88043485108074,83.07595052533576,81.92837008522307,82.36190032958984,4093200,0.0,0.0
2016-02-19 00:00:00-05:00,81.94536266568545,83.01643455757983,81.65634038388109,82.95692443847656,4349700,0.0,0.0
2016-02-22 00:00:00-05:00,83.33946178101284,83.97700355734978,82.45540307290973,82.84642791748047,4200400,0.0,0.0
2016-02-23 00:00:00-05:00,82.76994163236756,82.88044655969901,81.51185610280336,82.24290466308594,4486900,0.0,0.0
2016-02-24 00:00:00-05:00,81.85186380667322,82.54040684561157,80.69578754042472,82.3533935546875,6380600,0.0,0.0
2016-02-25 00:00:00-05:00,82.76142618903134,83.6709855584883,82.54040988385744,83.6454849243164,4619700,0.0,0.0
2016-02-26 00:00:00-05:00,83.79849101924722,83.96849956215506,81.93686699297845,83.01644134521484,6130100,0.0,0.0
2016-02-29 00:00:00-05:00,82.73591893997641,83.59447048703636,82.57440628925364,82.59990692138672,4840800,0.0,0.0
2016-03-01 00:00:00-05:00,83.44147854937454,83.67949313031296,82.94844464005298,83.56048583984375,3483400,0.0,0.0
2016-03-02 00:00:00-05:00,83.46696048016173,84.06199679916,83.2119412089285,83.84098052978516,3372100,0.0,0.0
2016-03-03 00:00:00-05:00,83.6455026142623,84.56356455107166,83.39048324778906,84.47855377197266,3656000,0.0,0.0
2016-03-04 00:00:00-05:00,84.46155308526968,84.79307436093062,83.86651656111205,84.39354705810547,3709500,0.0,0.0
2016-03-07 00:00:00-05:00,83.76451515355771,84.30004807410099,83.40749320652886,83.66250610351562,4531100,0.0,0.0
2016-03-08 00:00:00-05:00,83.3054479376639,84.79304522226505,83.3054479376639,84.18950653076172,4355000,0.0,0.0
2016-03-09 00:00:00-05:00,84.51254883435598,85.51561497046936,84.24903360309771,85.4476089477539,5153200,0.0,0.0
2016-03-10 00:00:00-05:00,85.70262739662519,85.77063341863155,83.82400481522514,84.44454193115234,4876600,0.0,0.0
2016-03-11 00:00:00-05:00,85.00558672977971,85.40511402507553,84.66556308577827,85.31160736083984,3585100,0.0,0.0
2016-03-14 00:00:00-04:00,85.2861083674216,86.0596558491682,84.8610804255751,85.87264251708984,3054400,0.0,0.0
2016-03-15 00:00:00-04:00,85.20109370694117,86.35716360148824,85.13308768802342,86.0086441040039,3129700,0.0,0.0
2016-03-16 00:00:00-04:00,86.00863922851586,86.15314714646631,85.26059251905723,85.83863067626953,3846700,0.0,0.0
2016-03-17 00:00:00-04:00,85.92364944685161,86.27216898337151,85.03959055813559,85.94915008544922,4516800,0.0,0.0
2016-03-18 00:00:00-04:00,86.07664575362581,87.2752209705089,85.82162643833465,86.34866333007812,7216200,0.0,0.0
2016-03-21 00:00:00-04:00,85.99161478325539,87.07968475130306,85.98311241260885,86.4846420288086,3572800,0.0,0.0
2016-03-22 00:00:00-04:00,86.00013183740703,87.31772073937532,85.81311854960144,86.65467834472656,4052900,0.0,0.0
2016-03-23 00:00:00-04:00,86.42517283090993,86.79069708940757,85.47311447233831,85.6346206665039,4228200,0.0,0.0
2016-03-24 00:00:00-04:00,85.5921138327601,86.25515626684727,85.00557330164736,86.22115325927734,3035800,0.0,0.0
2016-03-28 00:00:00-04:00,86.12764550892147,86.9011993290759,85.97463521951788,86.56967163085938,3580700,0.0,0.0
2016-03-29 00:00:00-04:00,86.4846582557347,87.41971815463087,85.8641212756878,87.1052017211914,3801100,0.0,0.0
2016-03-30 00:00:00-04:00,87.54723971919687,88.74582143753925,87.34322815547863,88.44830322265625,4487700,0.0,0.0
2016-03-31 00:00:00-04:00,88.40580463557966,88.74582825818335,88.06578101297596,88.1762924194336,3956000,0.0,0.0
2016-04-01 00:00:00-04:00,87.86177113375614,89.25586217653772,87.47924860430692,89.10285186767578,6269200,0.0,0.0
2016-04-04 00:00:00-04:00,88.31229125029355,88.88182704566057,88.13378032124169,88.81382751464844,3991800,0.0,0.0
2016-04-05 00:00:00-04:00,88.43129391562816,88.58430420187906,87.51323219812268,87.70874786376953,4367600,0.0,0.0
2016-04-06 00:00:00-04:00,87.67476172874731,88.3293083791025,87.33473808437944,87.88727569580078,3753000,0.0,0.0
2016-04-07 00:00:00-04:00,87.67476204631245,87.75976633635942,85.37961378798639,85.80464172363281,4957200,0.0,0.0
2016-04-08 00:00:00-04:00,86.4846696682402,86.68018534314344,85.98313989175774,86.25515747070312,2924800,0.0,0.0
2016-04-11 00:00:00-04:00,86.42515420709414,86.4931602138835,85.62610632625336,85.66010284423828,3434700,0.0,0.0
2016-04-12 00:00:00-04:00,86.04265271606096,86.23816192641625,85.35410956456488,86.05115509033203,2794300,0.0,0.0
2016-04-13 00:00:00-04:00,86.36564501630905,86.65466728386514,85.8386147111216,85.96611785888672,3396000,0.0,0.0
2016-04-14 00:00:00-04:00,86.21266533150657,86.3826803978433,85.73663611658704,85.94915008544922,3384900,0.0,0.0
2016-04-15 00:00:00-04:00,85.81311825211968,87.02869813323184,85.50709768866416,86.9096908569336,3273900,0.0,0.0
2016-04-18 00:00:00-04:00,86.87571791841127,87.75128101907308,86.68020867629022,87.1307373046875,3177800,0.0,0.0
2016-04-19 00:00:00-04:00,87.14773033057598,88.06579228347448,87.13923444084669,87.94678497314453,2915600,0.0,0.0
2016-04-20 00:00:00-04:00,88.07907974511306,88.13029138987382,87.36208415765068,87.4986572265625,3007100,0.425,0.0
2016-04-21 00:00:00-04:00,87.4986637789727,87.8059466948731,86.23538884558633,86.39756774902344,4018400,0.0,0.0
2016-04-22 00:00:00-04:00,86.49145005427837,86.73898384730887,85.69763703254681,86.58534240722656,2652400,0.0,0.0
2016-04-25 00:00:00-04:00,86.20978650416568,87.05481130094935,86.02200176884416,87.02066802978516,2322800,0.0,0.0
2016-04-26 00:00:00-04:00,87.02066447572494,87.82301503490645,86.77313716617938,87.78887176513672,2832300,0.0,0.0
2016-04-27 00:00:00-04:00,87.89982285175044,88.27538572581123,86.9865117179327,87.66082000732422,3150400,0.0,0.0
2016-04-28 00:00:00-04:00,87.05479256173419,87.41329357570655,86.20976794684857,86.3890151977539,4082000,0.0,0.0
2016-04-29 00:00:00-04:00,86.20978587895483,86.49999391350117,85.24526289617295,85.78300476074219,4570100,0.0,0.0
2016-05-02 00:00:00-04:00,85.78299068364039,87.003584741914,85.57813760392064,86.5938720703125,5486300,0.0,0.0
2016-05-03 00:00:00-04:00,86.909669803434,89.14600425906167,85.80003676169012,88.7021484375,6346300,0.0,0.0
2016-05-04 00:00:00-04:00,87.85715564114446,89.12896146873649,87.85715564114446,88.68511199951172,4617000,0.0,0.0
2016-05-05 00:00:00-04:00,88.68510726612293,90.14469773777135,88.5741400206174,89.75205993652344,5279500,0.0,0.0
2016-05-06 00:00:00-04:00,89.30819461683066,90.05079594196246,89.0691982856604,89.49597930908203,4262800,0.0,0.0
2016-05-09 00:00:00-04:00,89.56427017380908,91.0494663838468,89.45330944672324,90.25565338134766,4567400,0.0,0.0
2016-05-10 00:00:00-04:00,90.47757234819753,90.77631774691497,90.12760880101331,90.56292724609375,3135100,0.0,0.0
2016-05-11 00:00:00-04:00,90.37514948613435,90.37514948613435,88.88995331005823,88.90702819824219,4116300,0.0,0.0
2016-05-12 00:00:00-04:00,89.11187899286722,90.00811523475565,88.95823756394897,89.49597930908203,3816600,0.0,0.0
2016-05-13 00:00:00-04:00,89.09479775988866,89.49597293527961,88.31805973890376,88.48876953125,3413600,0.0,0.0
2016-05-16 00:00:00-04:00,88.4887827421728,89.41916883219682,88.14735659434598,89.23992156982422,2822400,0.0,0.0
2016-05-17 00:00:00-04:00,88.95825090173881,89.23139053719486,86.83288290984127,87.15723419189453,4999300,0.0,0.0
2016-05-18 00:00:00-04:00,86.4829080509771,87.40475664287717,85.05746096723047,86.65361785888672,5632500,0.0,0.0
2016-05-19 00:00:00-04:00,86.70483198327685,87.15721881416809,85.79152087784696,86.16708374023438,3617700,0.0,0.0
2016-05-20 00:00:00-04:00,86.51705586921616,86.51705586921616,84.57093530309191,84.8952865600586,10525500,0.0,0.0
2016-05-23 00:00:00-04:00,84.99771233379263,85.10867305830587,83.59787106259613,83.70883178710938,6219700,0.0,0.0
2016-05-24 00:00:00-04:00,84.15267465852932,84.36606515904754,82.90647491696224,83.11986541748047,9327400,0.0,0.0
2016-05-25 00:00:00-04:00,83.31619577215012,83.84540661008164,83.094267806287,83.26498413085938,7121400,0.0,0.0
2016-05-26 00:00:00-04:00,83.19670171784973,83.64908860406864,82.50531847756517,82.75284576416016,6705500,0.0,0.0
2016-05-27 00:00:00-04:00,82.89795754706817,83.02598665859452,82.5394564983074,82.74431610107422,4442100,0.0,0.0
2016-05-31 00:00:00-04:00,82.79551916825122,82.94916059832825,82.1126669207618,82.32605743408203,6779000,0.0,0.0
2016-06-01 00:00:00-04:00,82.33459718389848,82.54798770319498,81.77978053129524,82.43702697753906,5137900,0.0,0.0
2016-06-02 00:00:00-04:00,82.37728621881675,82.61628258263922,82.07854076403866,82.28339385986328,4993100,0.0,0.0
2016-06-03 00:00:00-04:00,82.16388732730964,82.39434622266957,81.85660445872183,82.14681243896484,3868200,0.0,0.0
2016-06-06 00:00:00-04:00,82.38580547500086,82.53944690313408,81.93341863443132,82.20655822753906,4308400,0.0,0.0
2016-06-07 00:00:00-04:00,82.44555618607029,83.23936916174543,82.22363473939762,82.4711685180664,5434900,0.0,0.0
2016-06-08 00:00:00-04:00,82.49676394715864,83.99903480579098,82.47115813054937,83.9136734008789,5693500,0.0,0.0
2016-06-09 00:00:00-04:00,83.64907915117458,84.22096414979956,82.58212661098102,82.78697967529297,6108700,0.0,0.0
2016-06-10 00:00:00-04:00,82.16388267636317,83.38447663744935,81.993166363388,82.51383972167969,6877300,0.0,0.0
2016-06-13 00:00:00-04:00,82.36873900556282,82.56506114522776,81.60053184712004,81.7541732788086,6079800,0.0,0.0
2016-06-14 00:00:00-04:00,81.69441888352482,82.54798089026376,81.45542256358372,82.27484130859375,4556200,0.0,0.0
2016-06-15 00:00:00-04:00,82.27482749703802,82.86378726671026,81.89925819322846,81.9590072631836,4722400,0.0,0.0
2016-06-16 00:00:00-04:00,81.42981839502357,81.7712445070684,80.7213603521588,81.54077911376953,7285600,0.0,0.0
2016-06-17 00:00:00-04:00,81.64321005100884,81.66881587014461,80.63600658797851,80.95182037353516,9142700,0.0,0.0
2016-06-20 00:00:00-04:00,81.01159094738377,81.1737633359511,79.53492548661256,79.57760620117188,9126900,0.0,0.0
2016-06-21 00:00:00-04:00,79.78244430952691,80.19215043877765,79.24469606066323,79.56051635742188,6653100,0.0,0.0
2016-06-22 00:00:00-04:00,79.80804951153725,80.27751123117558,79.57759062963572,80.0043716430664,4545300,0.0,0.0
2016-06-23 00:00:00-04:00,80.61040072342178,80.65307491790351,79.7568386878486,80.25189971923828,3862700,0.0,0.0
2016-06-24 00:00:00-04:00,78.62160714469677,80.67868846104507,78.31432426149884,79.84220123291016,8652700,0.0,0.0
2016-06-27 00:00:00-04:00,79.60320312364274,79.89341111127358,79.12520392024786,79.58612823486328,6977700,0.0,0.0
2016-06-28 00:00:00-04:00,80.37994263013458,80.57626478150485,79.21909763531058,79.97876739501953,4486000,0.0,0.0
2016-06-29 00:00:00-04:00,80.47381824202095,80.78963850255356,80.2433593847723,80.58478546142578,4695900,0.0,0.0
2016-06-30 00:00:00-04:00,80.91768025664297,81.72002410888672,80.54211089251103,81.72002410888672,4936900,0.0,0.0
2016-07-01 00:00:00-04:00,81.8395418193755,81.97611489792746,80.849413048525,81.08840942382812,3783900,0.0,0.0
2016-07-05 00:00:00-04:00,80.65309988201042,81.54080545523249,80.59335078151297,81.07135009765625,4269000,0.0,0.0
2016-07-06 00:00:00-04:00,80.9603623518809,82.06145822152234,80.84940162535713,81.99317169189453,5637500,0.0,0.0
2016-07-07 00:00:00-04:00,82.18947427414653,82.30897241647182,81.2676258800711,81.5151596069336,4199100,0.0,0.0
2016-07-08 00:00:00-04:00,82.2321670079291,82.64187966842466,81.59199545301604,82.57359313964844,3722600,0.0,0.0
2016-07-11 00:00:00-04:00,82.53092170013424,82.97477112768237,82.36874281691375,82.65895080566406,3567300,0.0,0.0
2016-07-12 00:00:00-04:00,82.65041503007367,82.79551901594571,81.85660206149619,82.3345947265625,3974300,0.0,0.0
2016-07-13 00:00:00-04:00,82.57358988824163,83.38447773316585,82.3943426413834,83.33325958251953,4276700,0.0,0.0
2016-07-14 00:00:00-04:00,83.82833534981435,83.853941171568,83.02598487000148,83.18816375732422,4816100,0.0,0.0
2016-07-15 00:00:00-04:00,83.6064089314024,83.6064089314024,82.71871003731997,82.87234497070312,3346200,0.0,0.0
2016-07-18 00:00:00-04:00,83.17109281792274,83.38448334217877,82.59067033145986,82.68456268310547,3571200,0.0,0.0
2016-07-19 00:00:00-04:00,82.68884650801213,83.09178958760761,82.56882174483805,83.07464599609375,3101100,0.425,0.0
2016-07-20 00:00:00-04:00,83.38327578868304,83.47758188603456,82.860307990955,83.16036987304688,3486000,0.0,0.0
2016-07-21 00:00:00-04:00,83.16037672448323,83.26325789575884,82.77458377870295,83.11750793457031,3023000,0.0,0.0
2016-07-22 00:00:00-04:00,83.22896996348966,83.28040728227722,82.4745210700215,82.77458953857422,2955700,0.0,0.0
2016-07-25 00:00:00-04:00,82.08870266301076,82.49164564429067,80.35691254485977,80.6226806640625,7405200,0.0,0.0
2016-07-26 00:00:00-04:00,80.75986260554272,80.97419345804241,80.06543273651843,80.45980072021484,4901200,0.0,0.0
2016-07-27 00:00:00-04:00,80.48552769155329,80.58840886609167,79.4738857015999,79.4996109008789,4633900,0.0,0.0
2016-07-28 00:00:00-04:00,79.44813309754583,80.34832500277065,79.01090300950536,80.0654067993164,3857300,0.0,0.0
2016-07-29 00:00:00-04:00,80.11690101795283,80.20263862478218,79.18242127943469,79.49105834960938,6120600,0.0,0.0
2016-08-01 00:00:00-04:00,79.37100031706412,80.63126673580354,79.10522562072083,80.15116119384766,6605000,0.0,0.0
2016-08-02 00:00:00-04:00,82.08872244595003,84.58353688914161,81.97727274929663,84.06913757324219,12545900,0.0,0.0
2016-08-03 00:00:00-04:00,83.76049666539089,84.00912124550071,83.12607915733814,83.52902221679688,6236900,0.0,0.0
2016-08-04 00:00:00-04:00,83.38329105952569,83.95769627342096,82.5345360279208,83.1346664428711,4126000,0.0,0.0
2016-08-05 00:00:00-04:00,83.48616099393736,83.940547948259,83.09179296450101,83.47759246826172,3797700,0.0,0.0
2016-08-08 00:00:00-04:00,83.47759082228049,83.6919216954128,83.03177894328415,83.314697265625,3603400,0.0,0.0
2016-08-09 00:00:00-04:00,83.5547329018539,83.8462262420853,83.11749616193583,83.54615783691406,2465300,0.0,0.0
2016-08-10 00:00:00-04:00,83.59761515163581,83.97483303859559,83.11750955054107,83.25468444824219,3784100,0.0,0.0
2016-08-11 00:00:00-04:00,83.48615041062399,83.73477498174539,82.98890780923965,83.16036987304688,3870900,0.0,0.0
2016-08-12 00:00:00-04:00,83.43471611603596,83.546165807454,83.06606677875017,83.52902221679688,2362500,0.0,0.0
2016-08-15 00:00:00-04:00,83.50330480935854,83.73477926141476,83.27182381644353,83.65762329101562,2397200,0.0,0.0
2016-08-16 00:00:00-04:00,83.2289532334144,83.88908934164385,83.14322220571499,83.64046478271484,3328300,0.0,0.0
2016-08-17 00:00:00-04:00,83.50331239490578,83.77765566045574,83.29755658095814,83.63191223144531,3107200,0.0,0.0
2016-08-18 00:00:00-04:00,83.60618411347254,83.70906528728536,83.0232038769183,83.314697265625,3192000,0.0,0.0
2016-08-19 00:00:00-04:00,83.16894493849477,83.2546759703984,82.6202584852815,83.16036987304688,2939100,0.0,0.0
2016-08-22 00:00:00-04:00,83.15180165777744,84.11200630043311,82.56882143560418,84.0177001953125,4351800,0.0,0.0
2016-08-23 00:00:00-04:00,84.24917682599641,84.39492679094046,83.24610990843466,83.39185333251953,3004400,0.0,0.0
2016-08-24 00:00:00-04:00,83.20325481365197,84.09486556758927,83.12609229135639,83.3061294555664,3585600,0.0,0.0
2016-08-25 00:00:00-04:00,83.09178287221657,83.13465165882515,80.07400736352572,80.39978790283203,9393800,0.0,0.0
2016-08-26 00:00:00-04:00,80.59696433034084,80.84558886936227,79.49959156559636,79.95397186279297,6370400,0.0,0.0
2016-08-29 00:00:00-04:00,80.09114653109943,80.20260275378382,79.25097330317622,79.7996597290039,6093500,0.0,0.0
2016-08-30 00:00:00-04:00,79.73964520021049,79.91968231561333,79.08807763433026,79.55103302001953,4971900,0.0,0.0
2016-08-31 00:00:00-04:00,79.61106488668607,80.18547009184735,79.13953432074199,80.07402038574219,5226300,0.0,0.0
2016-09-01 00:00:00-04:00,80.21118107751249,80.37407462850112,79.79109441222803,80.04829406738281,3274400,0.0,0.0
2016-09-02 00:00:00-04:00,80.44267201328361,80.75987754752224,80.17689725922723,80.45124053955078,3133600,0.0,0.0
2016-09-06 00:00:00-04:00,80.5626864610082,80.65699256473442,79.64535062182864,80.03971862792969,3745200,0.0,0.0
2016-09-07 00:00:00-04:00,79.88538666303941,80.42549799617011,79.61104346418381,80.25403594970703,3350400,0.0,0.0
2016-09-08 00:00:00-04:00,80.21116364660978,80.46836324587181,79.11379089935907,79.82537078857422,7380800,0.0,0.0
2016-09-09 00:00:00-04:00,79.50817008903553,79.55103887527349,78.46223449707031,78.46223449707031,6153400,0.0,0.0
2016-09-12 00:00:00-04:00,78.35935648010779,79.09665509361568,78.05071954697156,78.90804290771484,5235400,0.0,0.0
2016-09-13 00:00:00-04:00,78.51369781217231,78.71945364723256,77.77639898394133,77.95643615722656,4082100,0.0,0.0
2016-09-14 00:00:00-04:00,77.80208458442662,78.12786506323957,76.58468714475704,76.67899322509766,7939400,0.0,0.0
2016-09-15 00:00:00-04:00,76.42180601746236,77.34771684309054,75.53018891213799,77.28770446777344,7449200,0.0,0.0
2016-09-16 00:00:00-04:00,77.15910461794233,77.459166494396,76.61899324032575,77.2619857788086,6406800,0.0,0.0
2016-09-19 00:00:00-04:00,77.27053926985542,77.35627682432579,76.30176638839669,76.447509765625,7480000,0.0,0.0
2016-09-20 00:00:00-04:00,76.7304413357706,77.40772758050888,76.7304413357706,77.15052795410156,5465100,0.0,0.0
2016-09-21 00:00:00-04:00,77.22768532676105,77.50202852429888,76.47323662788871,77.38200378417969,5773900,0.0,0.0
2016-09-22 00:00:00-04:00,77.75921578053067,77.85352186084066,77.16766718869022,77.64776611328125,8280000,0.0,0.0
2016-09-23 00:00:00-04:00,77.37343057415069,77.887823264256,77.33056179128444,77.67349243164062,3865300,0.0,0.0
2016-09-26 00:00:00-04:00,77.22770530018319,77.48489843516033,76.72188101526706,77.09053039550781,4722100,0.0,0.0
2016-09-27 00:00:00-04:00,77.3048731155315,77.87070987267056,77.21056698934166,77.63922882080078,4196100,0.0,0.0
2016-09-28 00:00:00-04:00,77.42488048252343,77.63921135002315,76.93620636625843,77.31343078613281,4468300,0.0,0.0
2016-09-29 00:00:00-04:00,77.176236606792,77.62204836267456,76.7304313917668,76.77330017089844,5211400,0.0,0.0
2016-09-30 00:00:00-04:00,76.71329075272668,77.08194002851099,75.83881733535105,76.29319763183594,9151700,0.0,0.0
2016-10-03 00:00:00-04:00,76.12174507884453,76.19890104483508,74.552841695119,74.66429138183594,7525600,0.0,0.0
2016-10-04 00:00:00-04:00,74.75002356457254,74.93863574453944,73.74695029300837,73.91841888427734,6820000,0.0,0.0
2016-10-05 00:00:00-04:00,73.89270711004794,74.18419393105505,73.63550746962872,73.90127563476562,7949300,0.0,0.0
2016-10-06 00:00:00-04:00,74.20990708722462,74.69001261103594,73.96128253080725,74.14989471435547,5267000,0.0,0.0
2016-10-07 00:00:00-04:00,74.20990698202824,74.36422544645275,73.87555139925149,74.07273864746094,4345700,0.0,0.0
2016-10-10 00:00:00-04:00,74.45854221206223,74.65572948853936,74.08132433228269,74.44139862060547,5342100,0.0,0.0
2016-10-11 00:00:00-04:00,74.20133845795772,74.4156692951663,73.22399036355517,74.07273864746094,5889600,0.0,0.0
2016-10-12 00:00:00-04:00,74.26134306617607,75.36729085544046,74.149886856332,74.99006652832031,7002500,0.0,0.0
2016-10-13 00:00:00-04:00,74.76719443032198,75.77026152697363,74.6557447109808,75.4444808959961,6308400,0.0,0.0
2016-10-14 00:00:00-04:00,75.71023970287749,76.2332075853981,75.4101777721344,76.13033294677734,6705800,0.0,0.0
2016-10-17 00:00:00-04:00,76.05315565817588,76.16460534199244,74.27849653713437,74.29564666748047,7381700,0.0,0.0
2016-10-18 00:00:00-04:00,74.8529127809451,75.02438140566456,74.22707028808198,74.75003814697266,4988700,0.0,0.0
2016-10-19 00:00:00-04:00,74.93006199629531,75.02436808793574,73.85840781025234,74.07273864746094,6502800,0.0,0.0
2016-10-20 00:00:00-04:00,74.37860166237215,75.3780095277406,74.3096751687075,75.21431732177734,7583500,0.425,0.0
2016-10-21 00:00:00-04:00,74.90414713819654,75.44692843151985,74.86106644069194,75.30908203125,4599500,0.0,0.0
2016-10-24 00:00:00-04:00,75.5072582569648,76.31712826609014,75.5072582569648,75.81742095947266,4541900,0.0,0.0
2016-10-25 00:00:00-04:00,75.64509043757275,75.99832717898241,75.20569230115393,75.30908203125,3803700,0.0,0.0
2016-10-26 00:00:00-04:00,75.3694001839743,75.51586405610637,74.96446524192137,75.44693756103516,3313500,0.0,0.0
2016-10-27 00:00:00-04:00,75.57615614848545,75.75708322758128,74.87829361865998,75.1195297241211,3570600,0.0,0.0
2016-10-28 00:00:00-04:00,73.53426863303393,73.6548867104905,71.12190051071046,71.81976318359375,17206700,0.0,0.0
2016-10-31 00:00:00-04:00,71.83698826836483,72.81916775358616,71.5957521243725,72.45731353759766,7425600,0.0,0.0
2016-11-01 00:00:00-04:00,72.66408988856016,72.96564165606928,71.69914526674614,71.89730072021484,6212400,0.0,0.0
2016-11-02 00:00:00-04:00,72.0006730577467,72.57791751494044,71.37173045602871,72.32806396484375,6132100,0.0,0.0
2016-11-03 00:00:00-04:00,72.66408725165009,73.13794866351796,70.00186561004338,70.2775650024414,12603900,0.0,0.0
2016-11-04 00:00:00-04:00,70.44126811795729,71.39760188216866,70.29479767141167,70.91512298583984,8227400,0.0,0.0
2016-11-07 00:00:00-05:00,71.8283756072379,72.23330393993959,71.22527868900808,71.8456039428711,8457000,0.0,0.0
2016-11-08 00:00:00-05:00,60.05083069506399,64.60849157403018,59.70621137212947,63.35061264038086,50234400,0.0,0.0
2016-11-09 00:00:00-05:00,63.9537028835943,66.44361469742802,63.927850521216975,65.96113586425781,20300100,0.0,0.0
2016-11-10 00:00:00-05:00,66.36606110653152,66.94330555838317,65.96112627299091,66.58145141601562,12664100,0.0,0.0
2016-11-11 00:00:00-05:00,66.42638916772947,66.51254400157653,64.36725774477995,64.69464874267578,9565800,0.0,0.0
2016-11-14 00:00:00-05:00,64.14323790284566,65.94390448695125,64.14323790284566,65.4786605834961,10521900,0.0,0.0
2016-11-15 00:00:00-05:00,65.17712620113547,65.26328103307532,63.98816717151159,64.65157318115234,10465200,0.0,0.0
2016-11-16 00:00:00-05:00,64.71186792255351,64.96172148120783,64.18631501869284,64.23800659179688,7551100,0.0,0.0
2016-11-17 00:00:00-05:00,64.05709330352045,64.38449086550676,63.858937848500375,63.98816680908203,8305400,0.0,0.0
2016-11-18 00:00:00-05:00,63.78139109019849,64.23801759265785,63.47122845207665,63.790008544921875,7498500,0.0,0.0
2016-11-21 00:00:00-05:00,63.79000241954041,64.16909151266361,63.2213687798556,63.92784881591797,8025600,0.0,0.0
2016-11-22 00:00:00-05:00,62.83366710781051,63.84169227107162,62.74751229075414,63.40229415893555,12425200,0.0,0.0
2016-11-23 00:00:00-05:00,63.22138354680739,63.78139986340225,62.773374437447245,63.47123718261719,6572900,0.0,0.0
2016-11-25 00:00:00-05:00,63.764157779203806,64.00539390710185,63.367840344343946,63.80723190307617,3529200,0.0,0.0
2016-11-28 00:00:00-05:00,63.5229309167526,64.61711110594187,63.46262187598142,64.42756652832031,8625100,0.0,0.0
2016-11-29 00:00:00-05:00,65.38390737323263,65.53898871959476,64.61711809766248,65.37528991699219,8649600,0.0,0.0
2016-11-30 00:00:00-05:00,65.64235499422635,66.65899755156468,65.40972977129807,66.24544525146484,12781800,0.0,0.0
2016-12-01 00:00:00-05:00,66.01282768631664,66.45221920672782,65.72851088615111,66.1334457397461,7316300,0.0,0.0
2016-12-02 00:00:00-05:00,66.45225020886559,67.46889325720441,65.78023314818628,66.87442016601562,11911300,0.0,0.0
2016-12-05 00:00:00-05:00,66.83131444642605,67.44302222337262,66.23683500447886,67.19316864013672,9173900,0.0,0.0
2016-12-06 00:00:00-05:00,67.71873646723449,68.7353793584397,67.42580869557531,68.42521667480469,9800700,0.0,0.0
2016-12-07 00:00:00-05:00,68.27011589073882,69.4504572436069,67.62394491271732,69.38153076171875,10532900,0.0,0.0
2016-12-08 00:00:00-05:00,69.38153922740929,69.40738501797318,66.6762369285231,67.29656219482422,16110200,0.0,0.0
2016-12-09 00:00:00-05:00,67.95997430653547,69.39016966852657,67.8393562125354,69.03692626953125,6730100,0.0,0.0
2016-12-12 00:00:00-05:00,68.45966600773552,69.38153641523668,68.28735636216567,68.69229125976562,6619800,0.0,0.0
2016-12-13 00:00:00-05:00,68.67507187798573,69.1920075047605,67.83074522133201,69.05416107177734,8152500,0.0,0.0
2016-12-14 00:00:00-05:00,69.18339605762048,69.89848715845109,67.64981095578399,68.02890014648438,7278800,0.0,0.0
2016-12-15 00:00:00-05:00,67.20178369375539,68.27011790172665,65.57343330703124,67.4516372680664,10621500,0.0,0.0
2016-12-16 00:00:00-05:00,67.76181223817501,68.66644785522217,67.72734898992667,68.54582977294922,11546800,0.0,0.0
2016-12-19 00:00:00-05:00,68.30459249284596,69.11446238047392,68.29597503762649,68.86460876464844,6936100,0.0,0.0
2016-12-20 00:00:00-05:00,68.90769589277025,69.99325871671935,68.64060734160147,68.78707122802734,6109100,0.0,0.0
2016-12-21 00:00:00-05:00,68.5199701983225,69.08860382025951,68.09780699527879,68.79566955566406,5808100,0.0,0.0
2016-12-22 00:00:00-05:00,68.52860215200357,68.70952927730491,67.63257740775467,67.88243103027344,5850400,0.0,0.0
2016-12-23 00:00:00-05:00,67.8824224197459,68.32182056728097,67.79626759574867,68.18396759033203,2754200,0.0,0.0
2016-12-27 00:00:00-05:00,68.02026762005897,68.68367355680293,67.9771934954183,68.31320190429688,2947700,0.0,0.0
2016-12-28 00:00:00-05:00,68.32183193489702,68.38214097904867,67.75319817015905,68.09782409667969,3390700,0.0,0.0
2016-12-29 00:00:00-05:00,67.96857458814137,68.4682817502696,67.89964810235992,68.06334686279297,3580000,0.0,0.0
2016-12-30 00:00:00-05:00,68.02889108401229,68.33043627590219,67.59811036040036,67.9858169555664,4326100,0.0,0.0
2017-01-03 00:00:00-05:00,68.56306387321163,69.3126181508773,68.03751084672362,69.2264633178711,5922800,0.0,0.0
2017-01-04 00:00:00-05:00,69.21785185135738,69.28677835300284,68.44245171402129,68.70953369140625,7101800,0.0,0.0
2017-01-05 00:00:00-05:00,68.79567949405117,70.2344855176186,67.89104392827171,70.14833068847656,8805400,0.0,0.0
2017-01-06 00:00:00-05:00,70.13971530976036,71.04435081753874,69.73478040824406,70.82034301757812,7087100,0.0,0.0
2017-01-09 00:00:00-05:00,70.82034521883234,70.97542653544201,69.92432713752305,70.38956451416016,6847600,0.0,0.0
2017-01-10 00:00:00-05:00,70.4068000448927,71.41482532515855,70.22587293611618,71.22528076171875,7053300,0.0,0.0
2017-01-11 00:00:00-05:00,70.83756949527252,71.60435850863848,70.41540630855428,71.3114242553711,6404200,0.0,0.0
2017-01-12 00:00:00-05:00,71.44067744225424,71.6905310640782,70.97543344711919,71.16497802734375,5774300,0.0,0.0
2017-01-13 00:00:00-05:00,71.25113234781016,71.4320660444951,70.43265156441203,70.63081359863281,4809200,0.0,0.0
2017-01-17 00:00:00-05:00,70.61357128617779,72.3539289885344,70.570497160257,72.30223083496094,7292700,0.0,0.0
2017-01-18 00:00:00-05:00,72.79334208455248,72.99150415657499,71.68192676548978,71.97486114501953,5263100,0.0,0.0
2017-01-19 00:00:00-05:00,71.65606186286917,72.25054134724408,70.92373596908662,71.6819076538086,5220700,0.0,0.0
2017-01-20 00:00:00-05:00,72.19330221488686,72.31464953312066,70.47709403668586,70.69378662109375,8004100,0.5,0.0
2017-01-23 00:00:00-05:00,70.64179485614483,71.01450643094614,70.22574211171828,70.42510223388672,6305900,0.0,0.0
2017-01-24 00:00:00-05:00,70.51177938446718,71.20519843487308,70.31242587120603,70.88449096679688,4743700,0.0,0.0
2017-01-25 00:00:00-05:00,71.0058265256752,71.24852116916325,68.83890061891314,68.89957427978516,10652200,0.0,0.0
2017-01-26 00:00:00-05:00,68.54419457837069,69.70566356663531,67.98946213428425,68.7608871459961,7627500,0.0,0.0
2017-01-27 00:00:00-05:00,69.19428734036036,69.24629145177003,66.76732740959099,67.39140319824219,10924400,0.0,0.0
2017-01-30 00:00:00-05:00,67.14003357363153,68.49219326504267,67.01868624814249,68.19749450683594,7488500,0.0,0.0
2017-01-31 00:00:00-05:00,68.08482509644658,68.73490296835561,68.05015348305933,68.3101806640625,6435200,0.0,0.0
2017-02-01 00:00:00-05:00,68.1714887531177,68.56153276202895,67.33939001795623,67.58208465576172,6463100,0.0,0.0
2017-02-02 00:00:00-05:00,66.17793257218004,66.17793257218004,64.18436420257397,64.83444213867188,18840200,0.0,0.0
2017-02-03 00:00:00-05:00,65.30248692835569,66.23860066452771,65.25048281399087,65.40650177001953,11937000,0.0,0.0
2017-02-06 00:00:00-05:00,65.52785086193035,66.58531196848014,65.46717718923983,65.93523406982422,9559500,0.0,0.0
2017-02-07 00:00:00-05:00,65.9785690456376,66.50729954926031,65.44116898589202,66.18659210205078,5739900,0.0,0.0
2017-02-08 00:00:00-05:00,66.05658240240653,66.87134883037079,65.98723917174267,66.767333984375,6788500,0.0,0.0
2017-02-09 00:00:00-05:00,66.7673303432602,67.43474732936743,65.189808302826,67.01002502441406,13944000,0.0,0.0
2017-02-10 00:00:00-05:00,67.12271290719056,68.57888768267084,66.69799058018026,68.06748962402344,9367000,0.0,0.0
2017-02-13 00:00:00-05:00,68.45751444733206,68.67420700094576,67.91144497994908,68.21481323242188,5645800,0.0,0.0
2017-02-14 00:00:00-05:00,68.26683265323422,68.43151451820106,67.66008945793355,68.1888198852539,5507600,0.0,0.0
2017-02-15 00:00:00-05:00,68.37084449074483,68.92557699920633,68.32750993995032,68.83023834228516,5626300,0.0,0.0
2017-02-16 00:00:00-05:00,68.90824747663409,69.5149841174185,68.70022443021277,68.86490631103516,4957500,0.0,0.0
2017-02-17 00:00:00-05:00,68.8649073492278,69.33296417043215,68.75222957507869,69.07293701171875,6215700,0.0,0.0
2017-02-21 00:00:00-05:00,69.00360431017637,69.67968428400347,68.58755153470264,69.13362121582031,6281000,0.0,0.0
2017-02-22 00:00:00-05:00,69.12495231628637,69.74902817896688,68.86491850252462,69.48033142089844,5003400,0.0,0.0
2017-02-23 00:00:00-05:00,69.53232646278302,70.5811179123088,69.35030546208189,70.0870590209961,6403500,0.0,0.0
2017-02-24 00:00:00-05:00,70.06105620478368,70.85848342193874,69.89636770515662,70.62445831298828,5189200,0.0,0.0
2017-02-27 00:00:00-05:00,70.68513670827728,70.95383344633288,70.47710702758835,70.56378936767578,4696200,0.0,0.0
2017-02-28 00:00:00-05:00,70.03505089744743,70.32108010334149,69.4976508693111,69.8443603515625,7274900,0.0,0.0
2017-03-01 00:00:00-05:00,70.29507371870385,70.53776835744792,69.89636015320532,69.9483642578125,4977500,0.0,0.0
2017-03-02 00:00:00-05:00,69.77501862331957,70.69379314992271,69.69701245993636,70.51177215576172,5781200,0.0,0.0
2017-03-03 00:00:00-05:00,70.65912374777449,70.80647974921462,69.80969241514498,70.22573852539062,5640600,0.0,0.0
2017-03-06 00:00:00-05:00,70.07838439941406,70.45976548546835,69.8703613583541,70.07838439941406,4463900,0.0,0.0
2017-03-07 00:00:00-05:00,69.76635775637422,70.20841257606736,69.67101246952012,70.0437240600586,6314200,0.0,0.0
2017-03-08 00:00:00-05:00,69.98303875014436,70.65911858963979,69.80101776358276,70.24307250976562,5810400,0.0,0.0
2017-03-09 00:00:00-05:00,70.26040211132143,70.56377702268443,69.71433917414728,69.9483642578125,5394400,0.0,0.0
2017-03-10 00:00:00-05:00,70.20840013402682,70.26907379555125,69.54098985725814,69.68833923339844,6004400,0.0,0.0
2017-03-13 00:00:00-04:00,69.68833559552539,69.85301746081888,69.3156240904936,69.72300720214844,6276800,0.0,0.0
2017-03-14 00:00:00-04:00,69.72302619843911,69.85303649253134,68.83891652100448,69.24629974365234,5546200,0.0,0.0
2017-03-15 00:00:00-04:00,69.1422699761237,69.53232061304013,68.19749344059692,69.10760498046875,7925500,0.0,0.0
2017-03-16 00:00:00-04:00,69.03826362915716,69.3242994480398,68.6742216485429,68.96025085449219,6241100,0.0,0.0
2017-03-17 00:00:00-04:00,69.02092743635933,69.03826654832174,68.11082244634144,68.370849609375,19734800,0.0,0.0
2017-03-20 00:00:00-04:00,68.36218882459073,68.5702118841718,68.08482254083802,68.31884765625,5075800,0.0,0.0
2017-03-21 00:00:00-04:00,68.37952788587386,68.48354273211258,67.85079732346232,68.13683319091797,6201300,0.0,0.0
2017-03-22 00:00:00-04:00,68.25817728939452,68.36219213068227,67.53875618292274,68.0068130493164,5640700,0.0,0.0
2017-03-23 00:00:00-04:00,68.00681338772814,68.24084512855663,67.58209768965781,67.86813354492188,9320900,0.0,0.0
2017-03-24 00:00:00-04:00,67.82480617167391,68.18018532710197,67.61678305867987,68.03282928466797,3878600,0.0,0.0
2017-03-27 00:00:00-04:00,67.72077860849838,68.4315301731261,67.62543332189539,68.05015563964844,4983500,0.0,0.0
2017-03-28 00:00:00-04:00,67.9461426126142,68.43153200252598,67.85079732346232,68.13683319091797,5470000,0.0,0.0
2017-03-29 00:00:00-04:00,68.04147591969995,68.35351379053196,67.9201285935912,68.26683807373047,3138200,0.0,0.0
2017-03-30 00:00:00-04:00,68.17149718805473,68.57021080134459,67.98947618717895,68.3448486328125,3834600,0.0,0.0
2017-03-31 00:00:00-04:00,67.26137119868642,68.13681101740136,67.23536914882212,68.04146575927734,7996100,0.0,0.0
2017-04-03 00:00:00-04:00,67.93746507296389,68.08482107438823,67.36540001820397,67.65143585205078,7374100,0.0,0.0
2017-04-04 00:00:00-04:00,67.61676206319866,67.7987830571666,67.28738507255181,67.49541473388672,5641000,0.0,0.0
2017-04-05 00:00:00-04:00,67.45208350807813,67.49542468047666,66.52463928998593,66.767333984375,13351900,0.0,0.0
2017-04-06 00:00:00-04:00,66.8973417559495,66.93201336654813,66.39461332166962,66.74999237060547,6331000,0.0,0.0
2017-04-07 00:00:00-04:00,66.78465926303936,66.93200863797354,66.35993702291178,66.81066131591797,5208000,0.0,0.0
2017-04-10 00:00:00-04:00,66.81067399750273,67.47808439549205,66.70665915331176,67.44341278076172,4824300,0.0,0.0
2017-04-11 00:00:00-04:00,67.36540331368433,67.7727865006799,67.20938436149312,67.75544738769531,4866700,0.0,0.0
2017-04-12 00:00:00-04:00,67.46940283788422,67.73810615101675,67.38272712294247,67.57341766357422,4749800,0.0,0.0
2017-04-13 00:00:00-04:00,67.59941971676342,67.92012713627437,67.43473784225405,67.57341766357422,3532000,0.0,0.0
2017-04-17 00:00:00-04:00,67.63410896723349,68.24951530065766,67.61677646489734,68.24085235595703,4436100,0.0,0.0
2017-04-18 00:00:00-04:00,67.28738330030136,68.04147592367836,67.17470552974615,67.82478332519531,7024300,0.0,0.0
2017-04-19 00:00:00-04:00,68.09521254315713,68.1213818144375,67.68520954520291,67.89457702636719,4575600,0.5,0.0
2017-04-20 00:00:00-04:00,67.91200801590092,69.38627213404122,67.8596694833381,69.29031372070312,6715400,0.0,0.0
2017-04-21 00:00:00-04:00,69.12456740094304,69.35137880521832,68.8803120373202,69.15946197509766,6724300,0.0,0.0
2017-04-24 00:00:00-04:00,69.7701205344904,69.95331209264029,69.49097054271999,69.83118438720703,6394100,0.0,0.0
2017-04-25 00:00:00-04:00,71.00884725074478,71.88991710418593,70.38075811385448,71.68054962158203,8494300,0.0,0.0
2017-04-26 00:00:00-04:00,71.357775600982,71.6892640817493,70.93904735460146,71.53224182128906,5996900,0.0,0.0
2017-04-27 00:00:00-04:00,72.13417190667401,72.31736346082022,71.55842131753396,72.22140502929688,6307300,0.0,0.0
2017-04-28 00:00:00-04:00,72.22139587838068,72.2911850298205,71.68053993791183,71.91607666015625,6618400,0.0,0.0
2017-05-01 00:00:00-04:00,71.916096225987,72.23014083744681,71.4101347235838,71.49736785888672,7528700,0.0,0.0
2017-05-02 00:00:00-04:00,71.68053703214915,72.66629045376189,68.86286837545141,68.91520690917969,15690000,0.0,0.0
2017-05-03 00:00:00-04:00,69.01117594265801,69.98820420715431,68.9675560542001,69.5258560180664,6841500,0.0,0.0
2017-05-04 00:00:00-04:00,69.49096695936859,70.79075841757546,69.30776875520466,70.77330780029297,6076500,0.0,0.0
2017-05-05 00:00:00-04:00,71.0088503748672,71.10480881141727,70.3109720464049,70.71224975585938,3699200,0.0,0.0
2017-05-08 00:00:00-04:00,70.55521811094242,70.93905180625642,70.49415426445702,70.70352172851562,2846300,0.0,0.0
2017-05-09 00:00:00-04:00,70.65989823648094,71.07862648776609,70.59010908535679,70.74713134765625,3274300,0.0,0.0
2017-05-10 00:00:00-04:00,70.7209692239337,71.14841617069432,70.49415778759806,70.6075668334961,3011400,0.0,0.0
2017-05-11 00:00:00-04:00,70.52034129646952,71.93354208525577,70.3371497108705,71.77651977539062,6496000,0.0,0.0
2017-05-12 00:00:00-04:00,71.61946379327235,71.88116973849246,69.94456437914785,69.97073364257812,9046600,0.0,0.0
2017-05-15 00:00:00-04:00,70.00563870745334,70.6075584784234,69.97074413249541,70.19755554199219,7344700,0.0,0.0
2017-05-16 00:00:00-04:00,70.26733479550079,70.38073715654782,68.87157861559926,69.01988220214844,5252200,0.0,0.0
2017-05-17 00:00:00-04:00,67.1879573735593,67.7200879473385,66.48136059594982,66.58604431152344,13272700,0.0,0.0
2017-05-18 00:00:00-04:00,66.65585110440914,67.58053420937408,66.55116736111731,66.83904266357422,7530500,0.0,0.0
2017-05-19 00:00:00-04:00,66.96114990347282,67.17051067060599,66.48135787935641,66.57731628417969,5667200,0.0,0.0
2017-05-22 00:00:00-04:00,66.73435829133535,66.84776068723711,66.46393360970615,66.59477996826172,7775000,0.0,0.0
2017-05-23 00:00:00-04:00,66.87392765284928,67.89456904557449,66.60349635199894,67.40605163574219,7814300,0.0,0.0
2017-05-24 00:00:00-04:00,67.44095212363521,67.64159428988903,66.57733291989149,66.66456604003906,5488800,0.0,0.0
2017-05-25 00:00:00-04:00,66.83903825341831,66.90010210244424,66.0277575989536,66.25456237792969,5539200,0.0,0.0
2017-05-26 00:00:00-04:00,66.29817593360038,66.86520113780864,66.24583739813676,66.85647583007812,3613000,0.0,0.0
2017-05-30 00:00:00-04:00,66.65585646497046,67.15309263853867,66.64713115512923,66.96989440917969,5116600,0.0,0.0
2017-05-31 00:00:00-04:00,66.97861216683765,67.14435975782528,66.51627062930439,67.02223205566406,6857200,0.0,0.0
2017-06-01 00:00:00-04:00,67.03094163703226,68.29584503173828,66.9000952991831,68.29584503173828,4827300,0.0,0.0
2017-06-02 00:00:00-04:00,68.48775740576957,68.9849934235797,68.34817911387796,68.95882415771484,6454100,0.0,0.0
2017-06-05 00:00:00-04:00,68.91522434573754,68.9588442385206,68.25224057711017,68.7320327758789,6272300,0.0,0.0
2017-06-06 00:00:00-04:00,68.46159645718734,68.49648437893944,67.72882364665162,67.95563507080078,4880800,0.0,0.0
2017-06-07 00:00:00-04:00,68.08648329468951,68.3656332373424,67.50200748671601,68.18244171142578,5108500,0.0,0.0
2017-06-08 00:00:00-04:00,68.21733422485376,68.53137876342015,67.981804148659,68.41797637939453,4096400,0.0,0.0
2017-06-09 00:00:00-04:00,68.5750063609651,69.5607533173238,68.19117262500275,69.53458404541016,5652600,0.0,0.0
2017-06-12 00:00:00-04:00,69.66543751012424,70.5814019657793,68.82798752617774,69.50841522216797,6339700,0.0,0.0
2017-06-13 00:00:00-04:00,69.47351621530271,69.77883546258467,68.90649095294454,69.65670776367188,5044300,0.0,0.0
2017-06-14 00:00:00-04:00,69.80500876779854,70.53778165909067,69.4909708492,70.48544311523438,5075900,0.0,0.0
2017-06-15 00:00:00-04:00,70.38077573814739,70.57269265086252,69.4822616972196,69.8660888671875,4655800,0.0,0.0
2017-06-16 00:00:00-04:00,69.10712163663653,69.31648242063662,65.82710496182506,67.22285461425781,15507200,0.0,0.0
2017-06-19 00:00:00-04:00,67.43223245877041,68.1301040649414,66.76052346724468,68.1301040649414,5949700,0.0,0.0
2017-06-20 00:00:00-04:00,68.20859356869862,68.54008196115687,67.77242147866824,67.8509292602539,5729100,0.0,0.0
2017-06-21 00:00:00-04:00,68.0166941451614,68.97627165706442,67.82477731168886,68.18244171142578,4777400,0.0,0.0
2017-06-22 00:00:00-04:00,67.99053880952833,68.25223819069278,67.35372433665232,67.3624496459961,5369700,0.0,0.0
2017-06-23 00:00:00-04:00,67.48457835028626,67.99053981231192,67.10946990850324,67.5281982421875,21808600,0.0,0.0
2017-06-26 00:00:00-04:00,67.93818599617566,70.29352009549676,67.93818599617566,69.89224243164062,8655700,0.0,0.0
2017-06-27 00:00:00-04:00,69.98820680357413,70.79076219947254,69.74394473679303,70.21501159667969,8974300,0.0,0.0
2017-06-28 00:00:00-04:00,70.31095789742369,71.53224139873798,70.25861936273269,70.87798309326172,6693100,0.0,0.0
2017-06-29 00:00:00-04:00,71.22693391706731,71.66310619254787,69.3862863821025,70.0230941772461,6378800,0.0,0.0
2017-06-30 00:00:00-04:00,70.24117368241109,70.4069212611903,69.59564063918381,70.18883514404297,4425700,0.0,0.0
2017-07-03 00:00:00-04:00,70.45926126563508,70.9564973568588,70.18883660449278,70.32841491699219,2379800,0.0,0.0
2017-07-05 00:00:00-04:00,70.13650757041577,70.33714310249987,69.48224911669074,69.49097442626953,4695700,0.0,0.0
2017-07-06 00:00:00-04:00,69.62180901738864,69.72649274824532,68.61861821571725,68.6622314453125,4425500,0.0,0.0
2017-07-07 00:00:00-04:00,68.74075936540905,69.02862803456888,68.08650089424891,68.60118103027344,3442500,0.0,0.0
2017-07-10 00:00:00-04:00,68.60115782329302,68.79307464145056,67.8422158575225,68.16498565673828,4852700,0.0,0.0
2017-07-11 00:00:00-04:00,68.19989527262047,68.24351516108149,67.4845730278994,67.72882843017578,4656100,0.0,0.0
2017-07-12 00:00:00-04:00,67.946913549249,68.41798038467549,67.47584671382253,67.56307983398438,4671800,0.0,0.0
2017-07-13 00:00:00-04:00,67.75499736578894,68.25223347666548,67.70265882426314,67.97308349609375,4885800,0.0,0.0
2017-07-14 00:00:00-04:00,67.99052920215382,68.2871231233223,67.74627381873034,67.98180389404297,4130300,0.0,0.0
2017-07-17 00:00:00-04:00,68.20863749322764,68.43544233416996,67.95565671944225,68.30459594726562,4642800,0.0,0.0
2017-07-18 00:00:00-04:00,68.26095568828093,68.37435807492837,67.59797201870614,68.0428695678711,4808500,0.0,0.0
2017-07-19 00:00:00-04:00,68.14754121577214,68.68839043897523,67.4671070501808,67.51072692871094,6929700,0.0,0.0
2017-07-20 00:00:00-04:00,67.71269649736199,68.13414104950607,67.15076596200964,67.74781799316406,6117500,0.5,0.0
2017-07-21 00:00:00-04:00,67.68634588304273,67.93219633742704,67.26490135872093,67.6336669921875,3429300,0.0,0.0
2017-07-24 00:00:00-04:00,67.54586045548227,67.91462605536007,67.31757411800297,67.69512176513672,2967300,0.0,0.0
2017-07-25 00:00:00-04:00,68.02877505103113,69.3370187927607,67.82682814922558,69.28433990478516,4683700,0.0,0.0
2017-07-26 00:00:00-04:00,69.33700391842271,69.33700391842271,67.63364878606556,68.73995208740234,6600300,0.0,0.0
2017-07-27 00:00:00-04:00,68.64339043376424,69.29312133789062,68.16047825578777,69.29312133789062,3751700,0.0,0.0
2017-07-28 00:00:00-04:00,69.28434222282952,70.19747423907438,69.2228745864821,70.0218734741211,3974400,0.0,0.0
2017-07-31 00:00:00-04:00,70.24136204688837,70.77695296839495,69.90771798871144,70.17990112304688,5058800,0.0,0.0
2017-08-01 00:00:00-04:00,70.15358141173047,70.50478966047466,69.75846961986568,69.97797393798828,4147700,0.0,0.0
2017-08-02 00:00:00-04:00,69.89895159890584,70.48722153011312,69.80236916855958,70.0218734741211,4534600,0.0,0.0
2017-08-03 00:00:00-04:00,69.69699058969788,70.07453818683027,68.95067744152597,69.01213836669922,5055200,0.0,0.0
2017-08-04 00:00:00-04:00,69.5565210933567,69.58286053658802,68.41509609591061,68.45899963378906,6059700,0.0,0.0
2017-08-07 00:00:00-04:00,68.48534538196488,69.60920638822948,68.4765633338328,69.4687271118164,4604000,0.0,0.0
2017-08-08 00:00:00-04:00,69.04726262441811,69.36334930906739,67.36147143878111,68.98580169677734,8639800,0.0,0.0
2017-08-09 00:00:00-04:00,68.86289610390236,69.79359228474904,68.5380272960878,69.74091339111328,4902200,0.0,0.0
2017-08-10 00:00:00-04:00,69.45994290379565,70.5047855406018,69.26677804333671,69.48628234863281,4612800,0.0,0.0
2017-08-11 00:00:00-04:00,69.31944912436948,70.07454438542787,69.31944912436948,69.72334289550781,2985500,0.0,0.0
2017-08-14 00:00:00-04:00,69.83747697714459,70.36428586751981,69.51260825702293,69.62675476074219,3800600,0.0,0.0
2017-08-15 00:00:00-04:00,69.7672350523573,69.95161783181855,69.28432968674123,69.45993041992188,3104200,0.0,0.0
2017-08-16 00:00:00-04:00,69.74969591269686,70.35552328983792,69.36336616010696,69.58287048339844,3573900,0.0,0.0
2017-08-17 00:00:00-04:00,69.42482040404448,70.04821181819389,69.24921964185073,69.26677703857422,4470500,0.0,0.0
2017-08-18 00:00:00-04:00,68.88043328350004,69.14384107184048,68.09022331595538,68.18680572509766,5005400,0.0,0.0
2017-08-21 00:00:00-04:00,68.2131463906456,68.41508655976425,68.06387840190844,68.16924285888672,3636900,0.0,0.0
2017-08-22 00:00:00-04:00,68.35364602780182,68.82777617755275,68.17804524585277,68.27462768554688,5409100,0.0,0.0
2017-08-23 00:00:00-04:00,68.0463466299035,68.37999082118723,67.69513833980741,68.14292907714844,3343300,0.0,0.0
2017-08-24 00:00:00-04:00,67.77415945019705,68.16926456689164,65.49130904654646,66.1937255859375,9495500,0.0,0.0
2017-08-25 00:00:00-04:00,66.35176472441846,66.97515618131573,66.14104245558816,66.15859985351562,6416500,0.0,0.0
2017-08-28 00:00:00-04:00,66.29029421901984,66.69418130047907,66.00054695447109,66.25517272949219,5068300,0.0,0.0
2017-08-29 00:00:00-04:00,66.22883127900832,67.01026597577315,65.85128365145707,66.80831909179688,4516200,0.0,0.0
2017-08-30 00:00:00-04:00,66.80831674652036,67.30879291549185,66.71174103006166,67.06294250488281,3607000,0.0,0.0
2017-08-31 00:00:00-04:00,67.16829933152532,68.2921600001763,67.15951728603143,67.90583038330078,5518700,0.0,0.0
2017-09-01 00:00:00-04:00,68.08147115035389,68.87168816345596,67.87074884644042,68.41511535644531,4653600,0.0,0.0
2017-09-05 00:00:00-04:00,68.14291114061177,69.31945089919344,68.07266816133368,69.09117126464844,4469000,0.0,0.0
2017-09-06 00:00:00-04:00,69.21408767678342,70.24136604753127,69.21408767678342,70.13600158691406,5106200,0.0,0.0
2017-09-07 00:00:00-04:00,70.22383166038303,70.77698018768541,69.8462839262348,70.60137939453125,5556100,0.0,0.0
2017-09-08 00:00:00-04:00,70.25016261259388,70.72429273525223,69.78481453815331,69.99553680419922,4252900,0.0,0.0
2017-09-11 00:00:00-04:00,70.24138056437613,70.24138056437613,69.65311060984709,69.99553680419922,3784300,0.0,0.0
2017-09-12 00:00:00-04:00,70.24135746392744,72.69102560933045,70.09209618701368,72.37493896484375,8048700,0.0,0.0
2017-09-13 00:00:00-04:00,72.26082629043303,73.48126979850953,72.11155825876023,72.9456787109375,6813800,0.0,0.0
2017-09-14 00:00:00-04:00,72.77005603308778,72.9280993816362,72.32227212781638,72.55933380126953,4583500,0.0,0.0
2017-09-15 00:00:00-04:00,72.18179301480961,73.19151413185295,71.54084421182061,73.02468872070312,7483200,0.0,0.0
2017-09-18 00:00:00-04:00,73.0422481262362,73.34077073887478,72.75250086191816,73.1476058959961,4333300,0.0,0.0
2017-09-19 00:00:00-04:00,73.53393882510811,73.75344312010843,72.7876255618549,72.96322631835938,4568200,0.0,0.0
2017-09-20 00:00:00-04:00,73.05103848236513,73.54273273763661,70.38187171941956,70.85599517822266,9944300,0.0,0.0
2017-09-21 00:00:00-04:00,70.81209913754192,70.873560082808,69.52141258821389,69.85505676269531,5253400,0.0,0.0
2017-09-22 00:00:00-04:00,69.53895626021864,70.15357229029303,69.02971139942927,69.91650390625,6534100,0.0,0.0
2017-09-25 00:00:00-04:00,70.08333034848054,71.66376393638991,69.91650494232917,71.44425964355469,5065300,0.0,0.0
2017-09-26 00:00:00-04:00,71.49694438761139,71.90083151566785,71.25110063129355,71.69010925292969,2785800,0.0,0.0
2017-09-27 00:00:00-04:00,71.75156300465063,71.9974067363423,70.94378882945252,71.53205871582031,3308400,0.0,0.0
2017-09-28 00:00:00-04:00,71.34768676757812,71.54085164292353,70.88233867628621,71.34768676757812,3442200,0.0,0.0
2017-09-29 00:00:00-04:00,71.461821044911,71.71644684272015,70.9525694492927,71.40036010742188,4118100,0.0,0.0
2017-10-02 00:00:00-04:00,71.42669387693235,71.65498021178446,70.76818101384065,70.91744232177734,4688500,0.0,0.0
2017-10-03 00:00:00-04:00,70.69792670031877,71.39156094209251,70.69792670031877,71.04035949707031,6732600,0.0,0.0
2017-10-04 00:00:00-04:00,71.03159711428115,71.08427600586941,70.17991930699081,70.30284118652344,4356800,0.0,0.0
2017-10-05 00:00:00-04:00,70.32917687828393,71.06671481485137,70.28528003721686,71.0315933227539,6090800,0.0,0.0
2017-10-06 00:00:00-04:00,70.58379949778444,70.65404247882056,67.20343474560943,67.53707885742188,11795600,0.0,0.0
2017-10-09 00:00:00-04:00,67.65122631932266,67.8004876320505,64.76254899665457,65.23667907714844,13362400,0.0,0.0
2017-10-10 00:00:00-04:00,65.2279063976728,66.22884558955602,64.3586711412985,65.59667205810547,10715900,0.0,0.0
2017-10-11 00:00:00-04:00,65.59665926409731,65.82494559453835,64.78010306169199,64.88546752929688,7087400,0.0,0.0
2017-10-12 00:00:00-04:00,64.8854777043425,65.47374766855663,64.5430515043528,64.78011322021484,6176400,0.0,0.0
2017-10-13 00:00:00-04:00,65.06985695510478,65.14887528980722,63.67380608670359,63.744049072265625,6716300,0.0,0.0
2017-10-16 00:00:00-04:00,63.656232648499355,64.44644929009041,63.32258859926673,63.603553771972656,5916900,0.0,0.0
2017-10-17 00:00:00-04:00,63.57722758840693,64.01623618095638,63.322601800879504,63.7703857421875,6068700,0.0,0.0
2017-10-18 00:00:00-04:00,63.9898912453997,65.46496041213727,63.46308226415191,65.06107330322266,10479600,0.0,0.0
2017-10-19 00:00:00-04:00,65.20155851958435,66.02689012449129,65.14887293294892,65.52642059326172,8056700,0.0,0.0
2017-10-20 00:00:00-04:00,65.83372955218908,67.16831268688851,65.42983576401785,67.15953063964844,9144900,0.0,0.0
2017-10-23 00:00:00-04:00,67.19488768335633,67.59259921218421,66.9827789136712,67.08883666992188,7487100,0.5,0.0
2017-10-24 00:00:00-04:00,67.31861153128298,67.54839994177212,66.63809287379254,67.17720794677734,5940200,0.0,0.0
2017-10-25 00:00:00-04:00,67.59261490873642,67.71634561502054,65.82502568431444,66.75300598144531,6648700,0.0,0.0
2017-10-26 00:00:00-04:00,66.98278308113451,67.5837635849804,62.55497093872307,64.79096984863281,21982500,0.0,0.0
2017-10-27 00:00:00-04:00,65.30355854337533,66.2757308988464,60.239421115610526,60.972965240478516,32616300,0.0,0.0
2017-10-30 00:00:00-04:00,60.778518498790326,61.56510146682091,60.10683982425946,60.495704650878906,10400900,0.0,0.0
2017-10-31 00:00:00-04:00,60.41618951373098,61.282304304091014,60.41618951373098,60.56643295288086,7199300,0.0,0.0
2017-11-01 00:00:00-04:00,60.82272446239612,61.45021761663805,60.26593647159947,60.981807708740234,8433800,0.0,0.0
2017-11-02 00:00:00-04:00,61.105548687380924,61.79490729029058,61.07903593231772,61.317657470703125,5378500,0.0,0.0
2017-11-03 00:00:00-04:00,61.2469588386295,61.573958473765906,60.20408110503555,61.20276641845703,9901200,0.0,0.0
2017-11-06 00:00:00-05:00,60.301298100473595,61.70652803499712,58.72813832046097,59.037471771240234,14183100,0.0,0.0
2017-11-07 00:00:00-05:00,59.09049498396441,61.35300652321236,58.93141171993502,60.9376220703125,12134800,0.0,0.0
2017-11-08 00:00:00-05:00,60.90226682290651,61.061343319554936,60.45152985395698,60.972965240478516,8661700,0.0,0.0
2017-11-09 00:00:00-05:00,61.15857209830185,61.36184778483686,60.50456610553009,60.999488830566406,6992100,0.0,0.0
2017-11-10 00:00:00-05:00,61.53862022609518,63.200158515196925,61.14975515779285,62.74058151245117,10300000,0.0,0.0
2017-11-13 00:00:00-05:00,62.908488730680915,65.40078879055424,62.12191221573335,63.17362976074219,9874900,0.0,0.0
2017-11-14 00:00:00-05:00,62.88197551010976,63.13827670585136,61.78607229675869,62.25448226928711,5964000,0.0,0.0
2017-11-15 00:00:00-05:00,61.865595104770826,62.20143447935484,61.33531992386431,61.688838958740234,5333900,0.0,0.0
2017-11-16 00:00:00-05:00,61.953983799201765,62.793592493826786,61.467900942876035,62.095394134521484,6447600,0.0,0.0
2017-11-17 00:00:00-05:00,62.08654763044586,62.77590608400465,61.86559906236598,62.46657943725586,5382200,0.0,0.0
2017-11-20 00:00:00-05:00,62.37820945630287,62.74940148058824,61.66233141767701,62.201446533203125,8490300,0.0,0.0
2017-11-21 00:00:00-05:00,62.46658830204164,63.30619028276907,62.334017793817274,63.19129943847656,9609100,0.0,0.0
2017-11-22 00:00:00-05:00,63.09408475459721,63.69506524562848,62.92616165270397,63.17362976074219,5315400,0.0,0.0
2017-11-24 00:00:00-05:00,63.535969469107165,63.57132204901062,62.307495974426665,62.351688385009766,2992900,0.0,0.0
2017-11-27 00:00:00-05:00,62.413563503587596,62.69637744435889,62.05120455985327,62.2191276550293,6146300,0.0,0.0
2017-11-28 00:00:00-05:00,62.431232116819395,64.26068614493273,61.865604274308126,64.25184631347656,8348500,0.0,0.0
2017-11-29 00:00:00-05:00,64.30488600798633,66.00176973207424,64.29604617550622,64.87051391601562,7329900,0.0,0.0
2017-11-30 00:00:00-05:00,65.12680112763294,68.75035624231761,65.00307047075214,67.69863891601562,20281300,0.0,0.0
2017-12-01 00:00:00-05:00,66.83253747545157,67.68981241181105,65.07378169830697,66.39064025878906,10586500,0.0,0.0
2017-12-04 00:00:00-05:00,64.47279849633259,64.76445226531226,62.03353081800124,63.359222412109375,40464600,0.0,0.0
2017-12-05 00:00:00-05:00,63.5624891119725,63.76576478275973,62.30750273195921,62.75823974609375,15424000,0.0,0.0
2017-12-06 00:00:00-05:00,62.4135605471452,63.253162497622135,62.04236178892786,63.08523941040039,12371700,0.0,0.0
2017-12-07 00:00:00-05:00,62.86429774758237,63.04106068593367,61.441388122233455,62.82894515991211,12365800,0.0,0.0
2017-12-08 00:00:00-05:00,64.5965347290039,65.22403473787135,62.652189587517604,64.5965347290039,12510500,0.0,0.0
2017-12-11 00:00:00-05:00,64.43745645222472,65.04727003634298,64.12812300111393,64.58769989013672,6687000,0.0,0.0
2017-12-12 00:00:00-05:00,64.38442993164062,64.68492357703072,63.78344938367758,64.38442993164062,8233100,0.0,0.0
2017-12-13 00:00:00-05:00,64.31373316999574,64.42863078892805,62.749419619559326,63.2973747253418,9940400,0.0,0.0
2017-12-14 00:00:00-05:00,63.306187473057186,63.53597589425967,62.28098952344335,62.5726432800293,8214300,0.0,0.0
2017-12-15 00:00:00-05:00,63.041059605848865,65.11797521047211,62.537297040107774,64.58769989013672,14334100,0.0,0.0
2017-12-18 00:00:00-05:00,64.66723285387799,64.86166869538913,63.32386836960764,63.3415412902832,12709300,0.0,0.0
2017-12-19 00:00:00-05:00,63.323857218944916,64.4993051499575,63.27966481081385,63.90715789794922,11825600,0.0,0.0
2017-12-20 00:00:00-05:00,64.20765260681156,65.55985670931177,64.1723000282267,65.01190185546875,10571600,0.0,0.0
2017-12-21 00:00:00-05:00,64.96773013148811,67.05348551589586,64.86167237297342,65.96641540527344,10518500,0.0,0.0
2017-12-22 00:00:00-05:00,65.9398993151055,66.03711723645445,64.78213083353386,64.87934875488281,5282400,0.0,0.0
2017-12-26 00:00:00-05:00,64.95889006185422,65.40078727315935,64.3048840771112,65.11797332763672,4801700,0.0,0.0
2017-12-27 00:00:00-05:00,65.23287372759289,65.31241874354055,64.20767555350372,64.30489349365234,5248600,0.0,0.0
2017-12-28 00:00:00-05:00,64.4021120828539,64.72027866421642,64.04859290991584,64.56119537353516,4196600,0.0,0.0
2017-12-29 00:00:00-05:00,64.48163308094834,64.60536374690429,64.02206299922847,64.07508850097656,4757500,0.0,0.0
2018-01-02 00:00:00-05:00,64.5700178777622,65.42729954016603,64.40210152383075,64.9765625,5878300,0.0,0.0
2018-01-03 00:00:00-05:00,65.16214980871716,65.31239320553888,64.5700025658536,64.69373321533203,6139500,0.0,0.0
2018-01-04 00:00:00-05:00,66.4525073501681,67.76051936997284,66.00177028930862,66.39947509765625,13715500,0.0,0.0
2018-01-05 00:00:00-05:00,67.4423594166788,69.43089713837132,67.29211596264929,69.33367919921875,15338100,0.0,0.0
2018-01-08 00:00:00-05:00,69.2187785307134,69.62532315375363,68.18474068018824,68.7326889038086,9589200,0.0,0.0
2018-01-09 00:00:00-05:00,68.9182884831474,69.22761516652456,68.44103871044439,68.6619873046875,7778400,0.0,0.0
2018-01-10 00:00:00-05:00,68.19357868755692,68.60895638883208,67.69864924172964,68.4410400390625,8772200,0.0,0.0
2018-01-11 00:00:00-05:00,68.94478274660675,69.87276254788081,68.65312906214311,69.83740997314453,7158200,0.0,0.0
2018-01-12 00:00:00-05:00,69.74906639470713,70.4207521611789,69.38671412442227,69.62533569335938,7098200,0.0,0.0
2018-01-16 00:00:00-05:00,69.66951069690927,70.83611897703548,69.66951069690927,70.20862579345703,8437300,0.0,0.0
2018-01-17 00:00:00-05:00,70.35004344893804,70.67704985342604,69.75790273035076,70.26166534423828,7448700,0.0,0.0
2018-01-18 00:00:00-05:00,70.63284424593365,71.31336968501668,70.04954346953554,70.12908172607422,8065800,0.0,0.0
2018-01-19 00:00:00-05:00,70.33236498418982,70.73890962803398,69.91698050772695,70.57982635498047,7963600,0.0,0.0
2018-01-22 00:00:00-05:00,70.78308815464469,71.56967135064573,70.64168456111386,71.54315185546875,7016200,0.0,0.0
2018-01-23 00:00:00-05:00,71.56983591254499,71.76547339483903,70.87618620637896,71.53426361083984,5780600,0.5,0.0
2018-01-24 00:00:00-05:00,71.81884579186045,72.20123961047103,71.45423473435379,71.96112823486328,7308500,0.0,0.0
2018-01-25 00:00:00-05:00,72.2990506013848,72.91265414327606,71.81883470899855,72.54804992675781,6357400,0.0,0.0
2018-01-26 00:00:00-05:00,72.60140411421342,72.9304428100586,71.96111626539182,72.9304428100586,5883300,0.0,0.0
2018-01-29 00:00:00-05:00,72.9215504265774,74.59340792068649,72.69922862649638,74.37108612060547,8372900,0.0,0.0
2018-01-30 00:00:00-05:00,69.80015073668571,71.97890845714618,69.52447387457897,71.31194305419922,16517900,0.0,0.0
2018-01-31 00:00:00-05:00,71.67655492702347,72.27237578889152,69.39998161318519,69.97801971435547,12472400,0.0,0.0
2018-02-01 00:00:00-05:00,69.63119905503372,70.43155220588856,69.00869386748427,70.06694793701172,9150000,0.0,0.0
2018-02-02 00:00:00-05:00,69.68454959814002,69.84462157486287,67.2123321235387,67.98600769042969,10395600,0.0,0.0
2018-02-05 00:00:00-05:00,66.97220933668392,67.94153580383778,65.1758523797794,65.20252990722656,12199500,0.0,0.0
2018-02-06 00:00:00-05:00,64.47331407328569,66.38528267516203,63.8241315118218,65.82502746582031,11241200,0.0,0.0
2018-02-07 00:00:00-05:00,65.66494624515543,67.19452091065573,65.42484174985997,66.11848449707031,9611100,0.0,0.0
2018-02-08 00:00:00-05:00,65.80725003325357,66.99889157448617,62.69474496411319,62.73921203613281,11725200,0.0,0.0
2018-02-09 00:00:00-05:00,63.14828938595409,63.45064379363446,59.85792249722044,61.7076416015625,16718500,0.0,0.0
2018-02-12 00:00:00-05:00,62.330132252709134,62.819242892552694,61.80545609789735,62.13449478149414,8943800,0.0,0.0
2018-02-13 00:00:00-05:00,61.992214644024514,63.33504031855512,61.894392501757316,62.347930908203125,8796200,0.0,0.0
2018-02-14 00:00:00-05:00,61.94774198352301,62.445740583113064,61.85880784669158,62.06334686279297,6577000,0.0,0.0
2018-02-15 00:00:00-05:00,62.774783232842566,63.086039195701595,61.4408523682121,62.685855865478516,6770200,0.0,0.0
2018-02-16 00:00:00-05:00,62.57914608224356,64.21543136184366,62.53467900595569,63.939754486083984,6469900,0.0,0.0
2018-02-20 00:00:00-05:00,63.36170847195307,63.5395631853538,62.00999500982927,62.837032318115234,6415200,0.0,0.0
2018-02-21 00:00:00-05:00,62.77477492668307,63.050458549174245,61.11181234437124,61.14738464355469,10624800,0.0,0.0
2018-02-22 00:00:00-05:00,61.32524969924656,61.48532168021227,60.080246156704725,60.471534729003906,10061500,0.0,0.0
2018-02-23 00:00:00-05:00,60.925072121266,61.1651766963412,59.96464025151848,60.61382293701172,5804800,0.0,0.0
2018-02-26 00:00:00-05:00,60.64939066373381,60.889502032269334,60.089142111690286,60.67607498168945,7837600,0.0,0.0
2018-02-27 00:00:00-05:00,61.62760961931301,61.94775357458659,60.578250384743704,60.69385528564453,7391900,0.0,0.0
2018-02-28 00:00:00-05:00,60.80056566481018,61.08513728505707,60.12470552245284,60.231422424316406,10799800,0.0,0.0
2018-03-01 00:00:00-05:00,60.20474109922872,60.942851108136644,59.36881573965966,59.71563720703125,9556400,0.0,0.0
2018-03-02 00:00:00-05:00,59.68006477004377,60.12470837179661,59.25320392708296,59.99131393432617,10613900,0.0,0.0
2018-03-05 00:00:00-05:00,60.02689093617622,61.00510557967292,59.5733525271581,60.74721145629883,7754200,0.0,0.0
2018-03-06 00:00:00-05:00,60.80947343333155,60.88951283194746,59.6356142698551,60.16029739379883,8838300,0.0,0.0
2018-03-07 00:00:00-05:00,59.54667117759335,60.373708559978944,59.17317217515419,60.03578186035156,6790100,0.0,0.0
2018-03-08 00:00:00-05:00,60.33812582202564,61.68095118586338,60.33812582202564,60.791664123535156,8374000,0.0,0.0
2018-03-09 00:00:00-05:00,61.156270454570496,61.689848138621386,60.676061394480044,61.600914001464844,5795600,0.0,0.0
2018-03-12 00:00:00-04:00,61.60092262132836,61.85881672878105,61.1562790122147,61.369712829589844,4752600,0.0,0.0
2018-03-13 00:00:00-04:00,61.60092530243744,61.654287151465255,60.54267808029961,60.69385528564453,7210600,0.0,0.0
2018-03-14 00:00:00-04:00,60.747209848558164,60.91617659709221,59.25320699785369,59.626712799072266,7622400,0.0,0.0
2018-03-15 00:00:00-04:00,59.78678452649932,60.09803370561635,58.390603821840095,58.568458557128906,9485300,0.0,0.0
2018-03-16 00:00:00-04:00,58.77299567405523,59.09313965177125,58.3817138671875,58.3817138671875,15281600,0.0,0.0
2018-03-19 00:00:00-04:00,58.443948749804385,58.586231156415366,56.30076699458526,56.5853385925293,8883200,0.0,0.0
2018-03-20 00:00:00-04:00,56.887701182462514,56.994411300324884,55.02019609556058,55.97173309326172,9700600,0.0,0.0
2018-03-21 00:00:00-04:00,55.98951993712698,56.23852265388128,55.491521288341104,55.50930404663086,7525700,0.0,0.0
2018-03-22 00:00:00-04:00,55.189166490923135,56.256308448700146,54.90459484986773,54.949058532714844,8590500,0.0,0.0
2018-03-23 00:00:00-04:00,55.135811495037885,55.53599145049035,54.050879925224926,54.12202453613281,6976900,0.0,0.0
2018-03-26 00:00:00-04:00,54.49551490366169,54.98462554499959,54.29097926835731,54.780086517333984,7496700,0.0,0.0
2018-03-27 00:00:00-04:00,54.89569591556098,55.02019557503767,53.481729197119,53.89080047607422,7843700,0.0,0.0
2018-03-28 00:00:00-04:00,54.139810333006906,55.99842087623709,54.077560495052545,55.76720428466797,10253800,0.0,0.0
2018-03-29 00:00:00-04:00,55.749409144032526,56.38080558662887,54.548872871480576,55.32255172729492,8096400,0.0,0.0
2018-04-02 00:00:00-04:00,55.18915866812764,55.313658319396964,53.75740589380825,54.28208541870117,7863600,0.0,0.0
2018-04-03 00:00:00-04:00,54.75341032083887,55.77609191460427,54.36212519060964,55.65159225463867,7793800,0.0,0.0
2018-04-04 00:00:00-04:00,55.47373974018205,57.794776618760125,55.24252315489551,57.16338348388672,10281600,0.0,0.0
2018-04-05 00:00:00-04:00,57.35013208369437,57.94595968959383,57.09223797048602,57.50131607055664,5471500,0.0,0.0
2018-04-06 00:00:00-04:00,57.243421516841,57.5991309815549,55.90059589795969,56.3630256652832,5114800,0.0,0.0
2018-04-09 00:00:00-04:00,56.59423663136487,57.38570169331657,55.820557720423054,56.30077362060547,6096500,0.0,0.0
2018-04-10 00:00:00-04:00,56.66537734338594,57.198948267588634,56.06066182003024,56.887699127197266,6417000,0.0,0.0
2018-04-11 00:00:00-04:00,56.80766899825436,57.18117139754106,55.94505930269645,56.087345123291016,7493700,0.0,0.0
2018-04-12 00:00:00-04:00,56.65648882273126,57.2167373372431,56.45195316614354,56.91438293457031,5500000,0.0,0.0
2018-04-13 00:00:00-04:00,57.11891455526718,57.27009173694315,55.73162203804116,56.4074821472168,5825200,0.0,0.0
2018-04-16 00:00:00-04:00,56.7187445449998,61.28968085611114,56.24742334795615,58.781890869140625,19008400,0.0,0.0
2018-04-17 00:00:00-04:00,59.502210427070025,59.92016971624661,58.01709563124591,59.6800651550293,11059100,0.0,0.0
2018-04-18 00:00:00-04:00,59.64448767895556,60.39149239798017,59.190949341859266,59.235416412353516,6047900,0.0,0.0
2018-04-19 00:00:00-04:00,59.270996295549224,59.439956258656615,57.910387894892416,58.568458557128906,6371800,0.0,0.0
2018-04-20 00:00:00-04:00,58.83728690677046,59.4018212820742,57.96807830276056,58.353397369384766,6169600,0.5,0.0
2018-04-23 00:00:00-04:00,58.70286803545723,59.07922426019768,58.20105289917796,58.855201721191406,6282800,0.0,0.0
2018-04-24 00:00:00-04:00,59.01648745237984,60.26205199501225,58.926879820455575,59.67959213256836,10204500,0.0,0.0
2018-04-25 00:00:00-04:00,59.365975577377746,61.014778259003094,59.30324953702517,60.69219207763672,7379300,0.0,0.0
2018-04-26 00:00:00-04:00,60.71907644840572,62.17073825869893,60.66530638521363,61.55244064331055,10664500,0.0,0.0
2018-04-27 00:00:00-04:00,61.66891638082233,63.694081788809946,61.48073829250758,62.681495666503906,7486500,0.0,0.0
2018-04-30 00:00:00-04:00,62.851756526730234,63.29083874372845,61.830214400948876,62.573970794677734,18378800,0.0,0.0
2018-05-01 00:00:00-04:00,62.036325540656804,62.50228942141813,60.93413162231445,60.93413162231445,9569900,0.0,0.0
2018-05-02 00:00:00-04:00,60.02907487523943,60.486082748035145,58.7028653338666,59.08818435668945,14322500,0.0,0.0
2018-05-03 00:00:00-04:00,58.94481278450709,58.989620029554445,55.78161544433504,55.799537658691406,17123400,0.0,0.0
2018-05-04 00:00:00-04:00,55.59343202761796,56.80315232582729,54.9392866483043,56.54328536987305,12251800,0.0,0.0
2018-05-07 00:00:00-04:00,56.56121116153861,56.67770384197775,55.01097556151287,55.33356857299805,11944900,0.0,0.0
2018-05-08 00:00:00-04:00,55.55759137334256,55.55759137334256,54.05215959169664,54.401634216308594,10412800,0.0,0.0
2018-05-09 00:00:00-04:00,54.562925666191745,55.88017920763407,54.34786595635164,54.849674224853516,9062300,0.0,0.0
2018-05-10 00:00:00-04:00,55.28876514143577,57.009256657192225,55.16331306236763,55.95186996459961,10115800,0.0,0.0
2018-05-11 00:00:00-04:00,56.19380590730688,58.79246840539777,54.5718851134107,57.7171630859375,15335100,0.0,0.0
2018-05-14 00:00:00-04:00,57.896381224717544,60.10076202430952,57.869499615894746,59.876739501953125,12415100,0.0,0.0
2018-05-15 00:00:00-04:00,59.57208115147477,59.876748546319476,58.67599092669499,58.99857711791992,6510100,0.0,0.0
2018-05-16 00:00:00-04:00,59.23156412612059,59.5451943461283,58.77455618460875,59.258445739746094,5965300,0.0,0.0
2018-05-17 00:00:00-04:00,59.195710443069416,59.4107769917093,58.71182096356715,58.92688751220703,6605200,0.0,0.0
2018-05-18 00:00:00-04:00,59.124031664648314,59.222595292385826,57.878460054665304,58.174171447753906,4734500,0.0,0.0
2018-05-21 00:00:00-04:00,58.33546744906814,58.846238561553115,58.01287444785392,58.693904876708984,4958900,0.0,0.0
2018-05-22 00:00:00-04:00,58.86415959542338,59.6706351988429,58.62221144509771,58.80143356323242,4183600,0.0,0.0
2018-05-23 00:00:00-04:00,58.5863706302882,58.98065247784687,58.120406767684926,58.756629943847656,5965400,0.0,0.0
2018-05-24 00:00:00-04:00,58.72079080316555,58.828324090348744,57.654441257632676,58.353397369384766,4706800,0.0,0.0
2018-05-25 00:00:00-04:00,58.35339239893439,59.616875941742876,58.19209590021148,59.16883087158203,5559800,0.0,0.0
2018-05-29 00:00:00-04:00,58.64909587244393,59.12402938085851,57.88742063448201,58.06664276123047,8248000,0.0,0.0
2018-05-30 00:00:00-04:00,58.29962385054061,59.16883240300985,58.03080090346146,59.13298797607422,6522900,0.0,0.0
2018-05-31 00:00:00-04:00,58.99856815971491,59.016493789999195,56.77626856820034,56.80315017700195,13403100,0.0,0.0
2018-06-01 00:00:00-04:00,57.21535373592067,57.53794673135763,56.84795691740915,57.41249465942383,5503000,0.0,0.0
2018-06-04 00:00:00-04:00,57.42145803629978,57.8246958662249,57.0271761854395,57.43937683105469,11423800,0.0,0.0
2018-06-05 00:00:00-04:00,57.27807569401797,57.63651308972093,56.14900370868463,56.749385833740234,8008800,0.0,0.0
2018-06-06 00:00:00-04:00,57.05405648949724,58.34442845431188,56.76730792360789,58.31754684448242,6529400,0.0,0.0
2018-06-07 00:00:00-04:00,58.35340081217069,58.828327561154815,57.93223729163723,58.26378631591797,5814300,0.0,0.0
2018-06-08 00:00:00-04:00,58.48780045068247,59.20467529758992,58.25482193656899,59.16883087158203,5473800,0.0,0.0
2018-06-11 00:00:00-04:00,59.23155654951069,60.69218784483646,58.953770795412,59.984275817871094,8261800,0.0,0.0
2018-06-12 00:00:00-04:00,60.14556720944875,60.34270127962536,58.649091615378055,59.45557403564453,9915000,0.0,0.0
2018-06-13 00:00:00-04:00,60.93413628031739,62.39476090938082,60.29791303072684,61.301536560058594,13830700,0.0,0.0
2018-06-14 00:00:00-04:00,61.56140009703356,62.26035626496292,61.023747291156354,61.93776321411133,8630900,0.0,0.0
2018-06-15 00:00:00-04:00,61.77644775396259,62.95032348460341,61.68683328326162,62.80694580078125,13025200,0.0,0.0
2018-06-18 00:00:00-04:00,62.081124830911236,62.260346963847084,60.60257470816076,60.70114517211914,7482800,0.0,0.0
2018-06-19 00:00:00-04:00,60.68323066404501,63.918116898340216,60.486089722201406,63.41630172729492,11019600,0.0,0.0
2018-06-20 00:00:00-04:00,63.26396686626221,64.63498378086369,62.53813599067923,64.1600570678711,9279300,0.0,0.0
2018-06-21 00:00:00-04:00,64.4557516432246,65.34287879689792,63.452128418323454,63.69407653808594,6157500,0.0,0.0
2018-06-22 00:00:00-04:00,64.15108237660671,65.08301683416484,63.65823695892774,64.67977905273438,8784200,0.0,0.0
2018-06-25 00:00:00-04:00,64.24071396226971,64.71564071386231,63.084756687847936,64.00772857666016,6735000,0.0,0.0
2018-06-26 00:00:00-04:00,64.07043212253895,64.29445461247789,62.29617099410799,62.55603790283203,6579700,0.0,0.0
2018-06-27 00:00:00-04:00,62.5202109770598,63.11163379755682,62.04528425936562,62.771121978759766,6376400,0.0,0.0
2018-06-28 00:00:00-04:00,57.52002518086904,59.43765743040795,56.489520207964986,58.94480514526367,26157400,0.0,0.0
2018-06-29 00:00:00-04:00,59.034419458925356,59.13298992709421,57.654439741187076,57.66340255737305,10754700,0.0,0.0
2018-07-02 00:00:00-04:00,57.29600288649437,58.505726638421386,57.08990256245776,58.398193359375,7449400,0.0,0.0
2018-07-03 00:00:00-04:00,58.60429976820402,58.60429976820402,57.60067629464902,57.79781723022461,3242900,0.0,0.0
2018-07-05 00:00:00-04:00,58.33546656928991,58.595333529494745,57.74405063373339,58.32650375366211,6678800,0.0,0.0
2018-07-06 00:00:00-04:00,58.210021518076154,59.79610508087081,57.95911734323601,59.57208251953125,7108200,0.0,0.0
2018-07-09 00:00:00-04:00,60.41438939952161,61.55242758906954,60.18141090939525,60.61153030395508,8026500,0.0,0.0
2018-07-10 00:00:00-04:00,61.29257052241102,61.62411951813118,60.67426610198601,61.149192810058594,6329800,0.0,0.0
2018-07-11 00:00:00-04:00,60.880374354783456,60.880374354783456,59.86778798716168,60.30687713623047,5926800,0.0,0.0
2018-07-12 00:00:00-04:00,60.880366678436374,63.03097755852856,60.19037343782951,60.925167083740234,14054100,0.0,0.0
2018-07-13 00:00:00-04:00,60.92515636650677,62.32306139661407,60.92515636650677,61.498653411865234,5592100,0.0,0.0
2018-07-16 00:00:00-04:00,61.534511866223724,61.63308233430961,61.03270354624146,61.149192810058594,4594100,0.0,0.0
2018-07-17 00:00:00-04:00,61.14919022340371,61.202960281574164,60.360633348698734,60.880367279052734,5312600,0.0,0.0
2018-07-18 00:00:00-04:00,60.79971332815822,61.25672120401525,60.539846372734615,60.844520568847656,5129500,0.0,0.0
2018-07-19 00:00:00-04:00,60.53985293222181,60.710112261339184,58.030804424134566,59.26740646362305,9621100,0.0,0.0
2018-07-20 00:00:00-04:00,58.917922094251196,59.1240258184372,58.299617758317865,58.47883987426758,6331200,0.0,0.0
2018-07-23 00:00:00-04:00,58.55949355212344,59.65272469650731,58.54157475613181,59.44662094116211,5456900,0.0,0.0
2018-07-24 00:00:00-04:00,59.419530322503284,59.780689776655336,58.968082726949135,59.21186828613281,6764600,0.5,0.0
2018-07-25 00:00:00-04:00,58.959061115374006,59.59108501925154,58.814594572462624,59.582054138183594,4586500,0.0,0.0
2018-07-26 00:00:00-04:00,59.80777932723102,60.25922695144617,59.73555294265009,59.898067474365234,4579200,0.0,0.0
2018-07-27 00:00:00-04:00,59.554971034903524,60.53913045880623,59.52788527903776,60.19602584838867,4545200,0.0,0.0
2018-07-30 00:00:00-04:00,60.17796786630343,61.02668468995976,60.13282034982918,60.882225036621094,4669300,0.0,0.0
2018-07-31 00:00:00-04:00,60.90930896372521,61.08989213566063,58.552751956181375,58.56178283691406,9351400,0.0,0.0
2018-08-01 00:00:00-04:00,58.688184520649244,59.13060121362817,57.532479835332616,57.866546630859375,9565900,0.0,0.0
2018-08-02 00:00:00-04:00,57.57763104067904,57.95684884022324,57.09006677452453,57.5866584777832,6806100,0.0,0.0
2018-08-03 00:00:00-04:00,57.70403408892314,58.904882955412326,57.514426916994104,58.588871002197266,4805500,0.0,0.0
2018-08-06 00:00:00-04:00,58.55275571171005,58.95906270821721,58.40829605343984,58.724308013916016,4738100,0.0,0.0
2018-08-07 00:00:00-04:00,59.06739667063747,59.6091323610171,58.652065745061655,59.094482421875,5716400,0.0,0.0
2018-08-08 00:00:00-04:00,61.414925981087436,62.6518948347723,60.24116640183977,61.55036163330078,18507400,0.0,0.0
2018-08-09 00:00:00-04:00,61.55035867124983,62.55257280543721,61.37881328267557,61.91151809692383,9074000,0.0,0.0
2018-08-10 00:00:00-04:00,61.84831838981221,62.40811586825256,61.58647796708415,62.344913482666016,5918800,0.0,0.0
2018-08-13 00:00:00-04:00,62.525496887646135,63.33810400107889,61.902496952590326,62.751220703125,6795300,0.0,0.0
2018-08-14 00:00:00-04:00,62.75121375035419,64.9091326361534,62.75121375035419,64.44865417480469,9902200,0.0,0.0
2018-08-15 00:00:00-04:00,64.14166734455198,64.80077689572487,63.45546515458848,64.68340301513672,6965600,0.0,0.0
2018-08-16 00:00:00-04:00,65.2251329416075,66.69685620186296,65.00844007016542,66.09191131591797,9037100,0.0,0.0
2018-08-17 00:00:00-04:00,65.94746955444343,67.03094109356827,65.7036839805867,66.52532196044922,7145900,0.0,0.0
2018-08-20 00:00:00-04:00,66.79619391427293,67.62685589460774,66.62464161169835,67.3740463256836,5873000,0.0,0.0
2018-08-21 00:00:00-04:00,67.08512952615395,67.35599400717524,66.19125813971202,66.53436279296875,5072600,0.0,0.0
2018-08-22 00:00:00-04:00,66.36279611773153,67.30180793704304,66.03775329994895,66.73298645019531,5259100,0.0,0.0
2018-08-23 00:00:00-04:00,66.55239916085947,66.72395143977775,66.09192071607745,66.48919677734375,4299600,0.0,0.0
2018-08-24 00:00:00-04:00,66.48921370574975,67.03998042598963,66.44406618236815,66.88648986816406,5499700,0.0,0.0
2018-08-27 00:00:00-04:00,66.99482037056416,67.80742741961228,66.95871062486746,67.68102264404297,4770800,0.0,0.0
2018-08-28 00:00:00-04:00,67.71713835783083,67.744224111007,66.72395503962468,67.64490509033203,5535100,0.0,0.0
2018-08-29 00:00:00-04:00,67.59074857814977,67.64492009651939,67.00386520448039,67.2205581665039,3781100,0.0,0.0
2018-08-30 00:00:00-04:00,66.90453280439517,67.51850181467148,66.49823272065008,67.29277801513672,4036500,0.0,0.0
2018-08-31 00:00:00-04:00,67.2295731349522,67.99703264721587,67.09413748254252,67.93383026123047,5644700,0.0,0.0
2018-09-04 00:00:00-04:00,67.69907975874878,67.72616551043403,66.23638717085753,66.81423950195312,9709000,0.0,0.0
2018-09-05 00:00:00-04:00,66.71492554291301,67.9157778079515,65.74882795784336,67.6178207397461,14728800,0.0,0.0
2018-09-06 00:00:00-04:00,67.72617601759525,68.89993573349476,66.89550713529859,68.68324279785156,9470900,0.0,0.0
2018-09-07 00:00:00-04:00,68.52070506869754,69.9021333985806,68.46653356981352,69.78475952148438,9984600,0.0,0.0
2018-09-10 00:00:00-04:00,69.76669940227744,70.24523957832093,68.28595203061583,68.29498291015625,5329200,0.0,0.0
2018-09-11 00:00:00-04:00,67.63589258326853,68.56587367246529,67.33793547064879,68.37626647949219,4980800,0.0,0.0
2018-09-12 00:00:00-04:00,68.46653968028617,69.97437290116412,68.27693252872756,69.81185150146484,6154900,0.0,0.0
2018-09-13 00:00:00-04:00,70.39873758914166,70.87727092763261,69.42360915115437,69.59516143798828,6847600,0.0,0.0
2018-09-14 00:00:00-04:00,69.92923062587525,70.19107106102955,69.39652576329989,69.4416732788086,5019000,0.0,0.0
2018-09-17 00:00:00-04:00,69.369446921038,70.60640906211408,69.30624452615488,70.51612091064453,8987800,0.0,0.0
2018-09-18 00:00:00-04:00,70.46195059743295,71.49125069651238,70.07370533981214,70.97660064697266,7718000,0.0,0.0
2018-09-19 00:00:00-04:00,71.157182114245,72.17745829400879,70.85923187656458,71.29261779785156,7808600,0.0,0.0
2018-09-20 00:00:00-04:00,71.69890892899662,72.20452802108126,71.54541151443365,71.68084716796875,6736700,0.0,0.0
2018-09-21 00:00:00-04:00,71.74405340831677,72.16841526420167,70.94950809399738,71.8614273071289,12104700,0.0,0.0
2018-09-24 00:00:00-04:00,71.52735633478937,71.66279198774286,70.5341730273695,71.09396362304688,7129400,0.0,0.0
2018-09-25 00:00:00-04:00,70.73280961712885,71.23843563446657,69.8028286244358,70.07369995117188,8941600,0.0,0.0
2018-09-26 00:00:00-04:00,70.30846011650303,71.40998660592741,69.82089582353919,70.81407928466797,6001000,0.0,0.0
2018-09-27 00:00:00-04:00,70.85018958676066,71.71696817832336,70.74183967961136,71.11203002929688,8946000,0.0,0.0
2018-09-28 00:00:00-04:00,70.7779554011816,71.4099792966964,70.66058150302709,71.07591247558594,6317400,0.0,0.0
2018-10-01 00:00:00-04:00,71.37388172385477,72.7372487722281,71.2835866760568,71.78018188476562,6452800,0.0,0.0
2018-10-02 00:00:00-04:00,71.58153442232253,72.22258922413302,71.4731914008326,71.54541778564453,3929600,0.0,0.0
2018-10-03 00:00:00-04:00,71.92464920090872,72.65599225359752,71.50931126463018,72.14134216308594,4825100,0.0,0.0
2018-10-04 00:00:00-04:00,71.84336857450216,72.20452802108126,71.30163284890527,71.68084716796875,6577800,0.0,0.0
2018-10-05 00:00:00-04:00,71.52736450283473,71.95172638256194,70.82310729330626,71.03076934814453,4540800,0.0,0.0
2018-10-08 00:00:00-04:00,71.1571844995626,72.23163223336844,71.08495810262363,72.05105590820312,5256000,0.0,0.0
2018-10-09 00:00:00-04:00,72.0149189705219,72.13229285994703,71.15716444635225,71.77113342285156,3701700,0.0,0.0
2018-10-10 00:00:00-04:00,72.24065976977441,72.71016232658256,71.05786216253317,71.25650024414062,14047100,0.0,0.0
2018-10-11 00:00:00-04:00,69.24302616411337,69.58612381599852,65.55018169022735,66.08289337158203,17094600,0.0,0.0
2018-10-12 00:00:00-04:00,67.27471875836855,67.69004969582342,66.15512382587987,67.33792114257812,9479700,0.0,0.0
2018-10-15 00:00:00-04:00,66.96774475970149,67.69006377682034,65.9294137557974,65.96553039550781,7383700,0.0,0.0
2018-10-16 00:00:00-04:00,66.39892570296338,66.58853290222908,65.59534938241329,66.56144714355469,10207400,0.0,0.0
2018-10-17 00:00:00-04:00,66.77811520952896,67.5636363610031,66.58850808094053,67.13927459716797,7234000,0.0,0.0
2018-10-18 00:00:00-04:00,67.23860650758235,67.87063039086222,66.60657573575881,67.29277801513672,7315700,0.0,0.0
2018-10-19 00:00:00-04:00,67.16636801449474,68.27693205278887,66.76909195387844,66.97676086425781,7274700,0.0,0.0
2018-10-22 00:00:00-04:00,67.22055348864069,67.66297715302125,65.55019853254828,65.76689147949219,5390400,0.0,0.0
2018-10-23 00:00:00-04:00,64.79410186159043,66.28509087310643,64.0486108239101,65.86688232421875,5862800,0.5,0.0
2018-10-24 00:00:00-04:00,65.57596108210458,65.97598304345742,63.25766901300963,63.466766357421875,6936900,0.0,0.0
2018-10-25 00:00:00-04:00,63.71225503615343,64.6668437117884,63.23041404709613,64.24864196777344,9234600,0.0,0.0
2018-10-26 00:00:00-04:00,63.639512645786226,64.36682413620063,62.88492818830864,63.74861145019531,8538100,0.0,0.0
2018-10-29 00:00:00-04:00,64.69409875129584,65.02138121702467,63.16675052122372,64.13043212890625,6262100,0.0,0.0
2018-10-30 00:00:00-04:00,64.57592203009816,65.88507994897039,63.93952967295554,65.81234741210938,7205900,0.0,0.0
2018-10-31 00:00:00-04:00,66.16690985911119,66.68511704597204,64.96685074553048,65.81234741210938,7671300,0.0,0.0
2018-11-01 00:00:00-04:00,66.1305489881064,67.71245058124039,66.0123638081786,67.64881134033203,6424100,0.0,0.0
2018-11-02 00:00:00-04:00,68.03972588714609,68.10337205741621,65.69416058969686,66.44873809814453,5894700,0.0,0.0
2018-11-05 00:00:00-05:00,66.73058191280133,67.84881527714263,66.53057088863437,66.99423217773438,6413500,0.0,0.0
2018-11-06 00:00:00-05:00,67.73061514367207,70.99440924204606,67.50333120023693,70.8216781616211,12828500,0.0,0.0
2018-11-07 00:00:00-05:00,71.83990142229551,73.89455008818128,71.39442686236427,71.61261749267578,12356200,0.0,0.0
2018-11-08 00:00:00-05:00,71.26716016961498,72.81268837144619,71.13988170293035,72.77632904052734,7924300,0.0,0.0
2018-11-09 00:00:00-05:00,72.84905342779197,73.14906992405794,71.94901087515018,72.5763168334961,5761300,0.0,0.0
2018-11-12 00:00:00-05:00,72.5763312733394,73.72183768237396,72.23085514120987,73.03998565673828,5682500,0.0,0.0
2018-11-13 00:00:00-05:00,73.60364142536517,74.149121576605,72.84905696580256,73.45818328857422,6657100,0.0,0.0
2018-11-14 00:00:00-05:00,73.73093051011077,74.68552611431738,72.14903576294539,72.65814971923828,8673300,0.0,0.0
2018-11-15 00:00:00-05:00,72.1672017807962,72.97633213806361,70.77622503035124,72.58540344238281,6859700,0.0,0.0
2018-11-16 00:00:00-05:00,72.34902619087683,73.1308835074246,72.0581030221257,72.12174224853516,6568400,0.0,0.0
2018-11-19 00:00:00-05:00,72.24903154247222,72.79451169871157,70.89442098497727,71.41262817382812,6155700,0.0,0.0
2018-11-20 00:00:00-05:00,70.09437239876608,70.7125850520162,68.45793203627301,68.6579360961914,10232600,0.0,0.0
2018-11-21 00:00:00-05:00,69.2216167853839,69.59436588712606,68.14883599228845,68.26702117919922,6889400,0.0,0.0
2018-11-23 00:00:00-05:00,67.99426876210079,68.9761371116845,67.58515348169631,68.34883117675781,2439700,0.0,0.0
2018-11-26 00:00:00-05:00,69.59434890179949,71.73990996434075,69.5488893369209,70.76712799072266,14719200,0.0,0.0
2018-11-27 00:00:00-05:00,70.90351644577238,72.349046328209,70.04893330129232,72.27631378173828,11905200,0.0,0.0
2018-11-28 00:00:00-05:00,73.29454438592998,74.23095332508534,72.53086656445844,72.9763412475586,19884000,0.0,0.0
2018-11-29 00:00:00-05:00,73.35817141283769,73.46726327191573,72.4672152588173,72.73086547851562,10092000,0.0,0.0
2018-11-30 00:00:00-05:00,72.51268934412863,72.94907074013338,71.53082079888213,72.91270446777344,15921500,0.0,0.0
2018-12-03 00:00:00-05:00,72.91269971703554,73.33999471922715,71.96720444191138,72.29448699951172,16494800,0.0,0.0
2018-12-04 00:00:00-05:00,72.23084120031751,73.06725146181252,71.43080414166593,71.73991394042969,13333700,0.0,0.0
2018-12-06 00:00:00-05:00,70.8216937079075,70.9671518568351,67.17605651281934,69.61254119873047,15678500,0.0,0.0
2018-12-07 00:00:00-05:00,69.27615706038232,69.4398018098794,66.99423080526223,67.35787963867188,10556300,0.0,0.0
2018-12-10 00:00:00-05:00,67.37605622742144,67.4760617225916,65.01230448081677,66.67601776123047,10798500,0.0,0.0
2018-12-11 00:00:00-05:00,67.94880750863902,68.55793376395478,66.01235075853003,66.73966217041016,10488200,0.0,0.0
2018-12-12 00:00:00-05:00,67.6397167585873,68.79431637497963,67.39424616533047,67.73062896728516,10141800,0.0,0.0
2018-12-13 00:00:00-05:00,67.6033353020779,67.79425297830446,65.7486975293915,66.70329284667969,10693900,0.0,0.0
2018-12-14 00:00:00-05:00,66.13054364982561,66.76694294369389,65.10322257633187,65.34868621826172,10624700,0.0,0.0
2018-12-17 00:00:00-05:00,64.5486450782906,65.4396012594489,63.86679319366077,64.26681518554688,9481500,0.0,0.0
2018-12-18 00:00:00-05:00,64.88503119224941,64.92139746031481,62.47581968812913,63.2394905090332,9711800,0.0,0.0
2018-12-19 00:00:00-05:00,63.46676700808494,64.20317171141191,61.966698509944095,62.35762023925781,11042700,0.0,0.0
2018-12-20 00:00:00-05:00,61.91215738587758,62.40309163580053,59.90296774995545,60.439361572265625,12921400,0.0,0.0
2018-12-21 00:00:00-05:00,59.95751301745553,61.36667651181931,57.89377746667077,57.91196060180664,19254500,0.0,0.0
2018-12-24 00:00:00-05:00,57.76649419178243,58.58471786455821,57.10282542078791,57.20282745361328,6314200,0.0,0.0
2018-12-26 00:00:00-05:00,57.3028390211078,59.46658706665039,56.420979489396956,59.46658706665039,9480400,0.0,0.0
2018-12-27 00:00:00-05:00,58.79380842338466,59.312015533447266,57.102818808909596,59.312015533447266,8673300,0.0,0.0
2018-12-28 00:00:00-05:00,59.82114449417647,60.221159570244744,58.957461234705605,59.266571044921875,7627600,0.0,0.0
2018-12-31 00:00:00-05:00,59.49384850472869,60.07569485727055,58.86654258808126,59.56657409667969,7627200,0.0,0.0
2019-01-02 00:00:00-05:00,58.96655296213044,59.884782131070565,58.58471756219122,59.621131896972656,7322400,0.0,0.0
2019-01-03 00:00:00-05:00,59.321123851394894,59.91206363714598,58.76655033789157,59.30294418334961,7001800,0.0,0.0
2019-01-04 00:00:00-05:00,60.08478284892709,61.30302845117218,59.95750438937018,60.74845504760742,7214800,0.0,0.0
2019-01-07 00:00:00-05:00,61.26667315422079,63.04857884317385,60.65755371213033,62.37582015991211,8908100,0.0,0.0
2019-01-08 00:00:00-05:00,62.53945878628051,63.40313510843439,61.14848198256749,62.30308151245117,10335000,0.0,0.0
2019-01-09 00:00:00-05:00,62.339442010817564,62.439447504483674,59.37565733776585,60.039329528808594,14981000,0.0,0.0
2019-01-10 00:00:00-05:00,60.02115251207837,60.25752980177329,58.69381485421087,59.59386444091797,15503500,0.0,0.0
2019-01-11 00:00:00-05:00,59.2574700427377,59.83931638336209,58.511978985302996,59.830223083496094,11396300,0.0,0.0
2019-01-14 00:00:00-05:00,59.439297478556746,59.80295319417931,59.00291616873436,59.402931213378906,9276000,0.0,0.0
2019-01-15 00:00:00-05:00,58.802912642529186,58.9301911187299,57.40284246816459,57.948326110839844,15501500,0.0,0.0
2019-01-16 00:00:00-05:00,58.01196695156199,58.63926951648592,57.88468500376665,58.111968994140625,13551200,0.0,0.0
2019-01-17 00:00:00-05:00,58.15742592421962,58.26651779550196,57.52103008647227,57.611942291259766,12599200,0.0,0.0
2019-01-18 00:00:00-05:00,58.775630396025775,59.59385399683641,58.45743425575376,59.56657409667969,15600000,0.0,0.0
2019-01-22 00:00:00-05:00,59.448394059803086,59.79386319382498,58.73017588925345,59.02109909057617,8492600,0.0,0.0
2019-01-23 00:00:00-05:00,59.366579858351436,60.293895468395995,59.002924093883394,60.10297775268555,9101400,0.0,0.0
2019-01-24 00:00:00-05:00,60.00220249149384,60.12128831627129,59.14109994444412,59.52585220336914,7039900,0.5,0.0
2019-01-25 00:00:00-05:00,60.066324406620076,60.28617783973233,59.67241655324437,59.95639419555664,8625700,0.0,0.0
2019-01-28 00:00:00-05:00,59.64493319731885,59.782344208018806,58.24335626401081,59.76401901245117,8642000,0.0,0.0
2019-01-29 00:00:00-05:00,59.965565873178335,60.597652451722375,59.70906899754182,60.03885269165039,7293600,0.0,0.0
2019-01-30 00:00:00-05:00,60.72590213379361,61.06484843441001,60.24954479298053,60.42359924316406,7340600,0.0,0.0
2019-01-31 00:00:00-05:00,60.41443571066192,60.83583142449664,60.04801559448242,60.04801559448242,10883200,0.0,0.0
2019-02-01 00:00:00-05:00,59.086144893452854,60.20374441123044,57.60212176761437,59.74571228027344,16742500,0.0,0.0
2019-02-04 00:00:00-05:00,59.77318665588759,60.386947967940785,59.42508478987568,60.37779235839844,7151900,0.0,0.0
2019-02-05 00:00:00-05:00,60.68009627371123,60.80834471447355,59.90144302936403,60.15793991088867,6763900,0.0,0.0
2019-02-06 00:00:00-05:00,59.947245944054174,60.725899148198415,59.873959127683655,60.48772048950195,6494600,0.0,0.0
2019-02-07 00:00:00-05:00,60.43275931203816,60.579325956831596,59.49836986904482,60.231224060058594,6306600,0.0,0.0
2019-02-08 00:00:00-05:00,59.99304401038161,60.1854166585395,58.957893954384765,59.55333709716797,7754000,0.0,0.0
2019-02-11 00:00:00-05:00,59.86480405204564,60.212912979047374,59.55334552685079,59.63578796386719,9654800,0.0,0.0
2019-02-12 00:00:00-05:00,59.94724320682175,61.742728191823616,59.81899477853699,61.38546371459961,7868000,0.0,0.0
2019-02-13 00:00:00-05:00,61.6785983769273,62.43893326772667,61.49538136100391,62.0999870300293,9738200,0.0,0.0
2019-02-14 00:00:00-05:00,61.79769827960399,62.43894749795882,61.16561166138718,62.00839614868164,6988200,0.0,0.0
2019-02-15 00:00:00-05:00,62.53053332401751,64.00539698746064,62.15494371291066,63.693931579589844,10245400,0.0,0.0
2019-02-19 00:00:00-05:00,64.31685971556738,64.41762732583463,63.46491982177162,64.01455688476562,13091900,0.0,0.0
2019-02-20 00:00:00-05:00,58.3258089327217,59.71823050209625,57.986866139772985,58.829647064208984,43365600,0.0,0.0
2019-02-21 00:00:00-05:00,58.655588133500586,58.765518350783054,56.759335566721845,57.116600036621094,26490600,0.0,0.0
2019-02-22 00:00:00-05:00,56.924234061445055,57.116606722446434,56.03565058752261,56.75018310546875,20182900,0.0,0.0
2019-02-25 00:00:00-05:00,56.905903212266075,57.06163593270069,56.06312588358534,56.090606689453125,12853900,0.0,0.0
2019-02-26 00:00:00-05:00,56.10893305533235,56.41123592303495,55.50433081443479,55.58677673339844,12273600,0.0,0.0
2019-02-27 00:00:00-05:00,55.35776020781561,55.41272531815831,53.55311260506775,53.58975601196289,20986500,0.0,0.0
2019-02-28 00:00:00-05:00,53.626398850316285,53.85541489922145,52.72865635794893,52.97599411010742,17121000,0.0,0.0
2019-03-01 00:00:00-05:00,53.26913041771318,53.80960839277717,53.186684506448934,53.25080871582031,14432800,0.0,0.0
2019-03-04 00:00:00-05:00,53.47066544084457,53.635557273522785,51.11638076755922,51.2629508972168,17836000,0.0,0.0
2019-03-05 00:00:00-05:00,51.43700817152838,51.482810684357666,49.806411457645474,50.34688949584961,27776100,0.0,0.0
2019-03-06 00:00:00-05:00,50.145353460360234,50.3926877074288,49.467464447021484,49.467464447021484,15876800,0.0,0.0
2019-03-07 00:00:00-05:00,49.595711441438354,49.77892496634854,47.791063987010155,47.965118408203125,23030200,0.0,0.0
2019-03-08 00:00:00-05:00,47.690310619663286,48.64301487386604,47.57122127744739,48.48728561401367,21748300,0.0,0.0
2019-03-11 00:00:00-04:00,48.64300975743627,49.366701345885346,47.91932166349495,49.23845291137695,14770200,0.0,0.0
2019-03-12 00:00:00-04:00,49.48579430982251,50.31941268985592,49.21097571647782,50.06291580200195,16681400,0.0,0.0
2019-03-13 00:00:00-04:00,50.94233736229842,52.1423793842589,50.66751876537278,51.82175827026367,22936500,0.0,0.0
2019-03-14 00:00:00-04:00,52.169855129428576,52.59124380853506,50.99729061670915,51.189666748046875,15216100,0.0,0.0
2019-03-15 00:00:00-04:00,51.22631443233642,51.473652214868,50.63087472876753,50.93317413330078,24262200,0.0,0.0
2019-03-18 00:00:00-04:00,50.94232721757551,52.14236900055808,50.89652470962709,51.913352966308594,12752900,0.0,0.0
2019-03-19 00:00:00-04:00,51.94083507856478,52.710329061006746,51.739299858672986,52.298099517822266,12367400,0.0,0.0
2019-03-20 00:00:00-04:00,52.05076924391536,52.12405605964369,51.125545909645346,51.4461669921875,11405800,0.0,0.0
2019-03-21 00:00:00-04:00,51.36371763461616,52.77445729241392,51.0980581871398,52.58208465576172,10452700,0.0,0.0
2019-03-22 00:00:00-04:00,52.31643116791399,52.47216041689401,51.2263124470223,51.33624267578125,10204200,0.0,0.0
2019-03-25 00:00:00-04:00,51.11638748329834,51.41869038109454,49.833899553926436,50.33773422241211,12968600,0.0,0.0
2019-03-26 00:00:00-04:00,50.731643659160746,51.45533182525138,50.45682505860029,50.74080276489258,11730900,0.0,0.0
2019-03-27 00:00:00-04:00,49.41250370655346,49.86137672045579,48.39567533844201,49.51327133178711,21327300,0.0,0.0
2019-03-28 00:00:00-04:00,49.63235594803195,50.01710121383484,48.7804160086028,48.88118362426758,11564900,0.0,0.0
2019-03-29 00:00:00-04:00,49.05523782188719,49.439986607821666,48.81706266450501,49.403343200683594,11361500,0.0,0.0
2019-04-01 00:00:00-04:00,49.6140368314584,49.77892866668412,48.96363208946113,49.641517639160156,10790100,0.0,0.0
2019-04-02 00:00:00-04:00,48.258263486641596,48.4781169429614,47.42464518453801,47.75442886352539,22104400,0.0,0.0
2019-04-03 00:00:00-04:00,48.02008918310149,48.61553237906002,47.92848415041925,48.35903549194336,17437400,0.0,0.0
2019-04-04 00:00:00-04:00,48.44147760058355,48.97279303837203,48.368190784608466,48.91783142089844,11058000,0.0,0.0
2019-04-05 00:00:00-04:00,49.11019706048075,49.65067502036554,49.01858855358921,49.52242660522461,10002100,0.0,0.0
2019-04-08 00:00:00-04:00,49.43082683999987,49.91634327611882,49.22929507821276,49.604881286621094,8374100,0.0,0.0
2019-04-09 00:00:00-04:00,49.559073725599376,49.76977157485828,48.963634069435045,49.21097183227539,9275800,0.0,0.0
2019-04-10 00:00:00-04:00,49.19264799192869,49.366698931032126,48.588045762744414,49.3483772277832,11853400,0.0,0.0
2019-04-11 00:00:00-04:00,49.449145386008745,49.80640986697804,48.065889973498024,48.26742172241211,11354700,0.0,0.0
2019-04-12 00:00:00-04:00,48.50559827760535,48.81706023375504,48.16665551472428,48.377349853515625,10024700,0.0,0.0
2019-04-15 00:00:00-04:00,49.21097042843375,50.017104416352666,49.0094351842002,49.669002532958984,17590400,0.0,0.0
2019-04-16 00:00:00-04:00,50.13618972229266,50.227798232557525,48.862861132923605,49.375858306884766,12943200,0.0,0.0
2019-04-17 00:00:00-04:00,49.449143663965,49.6048763905969,47.63533701985748,48.13001251220703,22106000,0.0,0.0
2019-04-18 00:00:00-04:00,48.038408931589295,48.69797632245806,47.8735170838721,48.21246337890625,15930600,0.0,0.0
2019-04-22 00:00:00-04:00,48.48991775512695,48.79511662179465,48.25870510267185,48.48991775512695,9122500,0.5,0.0
2019-04-23 00:00:00-04:00,48.55465306638712,49.636726498414696,48.18471144133805,48.98008346557617,14102400,0.0,0.0
2019-04-24 00:00:00-04:00,49.00783147463448,49.11881255115206,48.61014546175293,48.95233917236328,9599200,0.0,0.0
2019-04-25 00:00:00-04:00,48.84136558658072,49.65523164323096,48.65639474533281,49.229801177978516,8503000,0.0,0.0
2019-04-26 00:00:00-04:00,49.22979347038477,49.59048461393314,48.952339015964846,49.50724792480469,9084500,0.0,0.0
2019-04-29 00:00:00-04:00,49.15580744527089,50.34886195652026,48.70262912987901,49.932682037353516,9731200,0.0,0.0
2019-04-30 00:00:00-04:00,50.52458574178319,50.76504532868024,49.433261827660466,50.293373107910156,13911200,0.0,0.0
2019-05-01 00:00:00-04:00,52.577751378848795,53.41011826958471,51.9858476023365,53.02168273925781,26243000,0.0,0.0
2019-05-02 00:00:00-04:00,52.91070185037189,53.05867780489039,51.393947434551045,52.466773986816406,14489700,0.0,0.0
2019-05-03 00:00:00-04:00,52.72572721946112,53.030929588140026,51.819374122453,52.40203094482422,11035600,0.0,0.0
2019-05-06 00:00:00-04:00,51.76388147822159,52.36503216160367,51.24596394950167,52.346534729003906,10689500,0.0,0.0
2019-05-07 00:00:00-04:00,52.11533376181586,52.23556533657499,50.79279702354141,51.19048309326172,9586900,0.0,0.0
2019-05-08 00:00:00-04:00,51.19972994682952,51.902614852782136,50.75580208075023,51.55117416381836,8841200,0.0,0.0
2019-05-09 00:00:00-04:00,50.95927042612318,51.46794111624821,50.524593010959954,51.19048309326172,9255700,0.0,0.0
2019-05-10 00:00:00-04:00,51.14423375913374,51.44018564739296,50.16389445228439,51.01475524902344,9397100,0.0,0.0
2019-05-13 00:00:00-04:00,50.21938715668313,50.35811615867296,49.294536551484455,49.77545928955078,11183800,0.0,0.0
2019-05-14 00:00:00-04:00,49.803203917440136,50.15464813694709,48.96159000379657,48.98933792114258,10772900,0.0,0.0
2019-05-15 00:00:00-04:00,48.748874790243136,49.08182157421698,47.98125061877019,48.8228645324707,11618000,0.0,0.0
2019-05-16 00:00:00-04:00,48.92459475025242,49.211296158386546,48.23095684847015,48.36968231201172,11823600,0.0,0.0
2019-05-17 00:00:00-04:00,48.10147490428574,49.20204930187503,47.83327092970268,48.906097412109375,8046700,0.0,0.0
2019-05-20 00:00:00-04:00,48.878357015873576,49.57199502571866,48.73963153071977,49.017086029052734,8083900,0.0,0.0
2019-05-21 00:00:00-04:00,49.313034086312626,49.655227823078604,48.878353172025385,49.49800491333008,8163200,0.0,0.0
2019-05-22 00:00:00-04:00,49.41476429303365,49.77545543665765,48.850604903047476,49.67372131347656,7919800,0.0,0.0
2019-05-23 00:00:00-04:00,49.266792401760796,49.285289837317684,48.406681052503394,48.8228645324707,9388900,0.0,0.0
2019-05-24 00:00:00-04:00,48.9060972953321,49.17430126927476,48.63788979336465,49.081817626953125,5681200,0.0,0.0
2019-05-28 00:00:00-04:00,49.12805571056961,49.239040306541895,48.628639140792494,48.739620208740234,12493000,0.0,0.0
2019-05-29 00:00:00-04:00,48.51765833244737,48.97083664798444,48.20320900869353,48.573150634765625,9578200,0.0,0.0
2019-05-30 00:00:00-04:00,48.68413546696963,48.9800873794477,48.36043916520457,48.78586959838867,6789100,0.0,0.0
2019-05-31 00:00:00-04:00,48.341937896998985,48.75812134343303,48.129222697271544,48.43442153930664,8089300,0.0,0.0
2019-06-03 00:00:00-04:00,48.59164792713568,49.66447440598567,48.51765819092716,49.377769470214844,8920500,0.0,0.0
2019-06-04 00:00:00-04:00,50.33961475197147,51.560417172284005,50.17314137392659,50.51533508300781,12754300,0.0,0.0
2019-06-05 00:00:00-04:00,50.86677931634768,50.91302113739395,49.03557568432214,49.17430114746094,12128800,0.0,0.0
2019-06-06 00:00:00-04:00,49.146556876777026,50.50608829250924,49.03557580039832,50.043663024902344,10043000,0.0,0.0
2019-06-07 00:00:00-04:00,50.1916387983981,50.515335073410085,49.76620840037528,49.86793899536133,7826000,0.0,0.0
2019-06-10 00:00:00-04:00,50.24713860330745,51.356956585080574,50.219390684145395,50.89453125,8007800,0.0,0.0
2019-06-11 00:00:00-04:00,50.33962266468263,50.95002397078577,49.74771879549478,49.91419219970703,8774300,0.0,0.0
2019-06-12 00:00:00-04:00,49.803203712939315,49.9696771042314,49.05407698015,49.62748336791992,9404900,0.0,0.0
2019-06-13 00:00:00-04:00,49.82168974760992,50.53382497450544,49.673713825659185,50.48758316040039,5250700,0.0,0.0
2019-06-14 00:00:00-04:00,50.543079122729395,50.570823507601354,49.98816672911849,50.09914779663086,4680700,0.0,0.0
2019-06-17 00:00:00-04:00,50.15464409357983,50.589324974031506,49.87718963866325,50.441349029541016,5008800,0.0,0.0
2019-06-18 00:00:00-04:00,50.70956026891035,51.18123252422995,50.441352747245745,50.55233383178711,7156800,0.0,0.0
2019-06-19 00:00:00-04:00,50.73730840423257,51.21823117678754,50.561584518707,50.765052795410156,6212900,0.0,0.0
2019-06-20 00:00:00-04:00,50.765049089250944,50.940772961947594,49.276039052321806,49.82170104980469,13254500,0.0,0.0
2019-06-21 00:00:00-04:00,49.75695436543947,49.960422596928325,49.229789882058846,49.618228912353516,12482100,0.0,0.0
2019-06-24 00:00:00-04:00,49.67372908806657,49.710723961927116,48.795120238018136,49.14656448364258,9144900,0.0,0.0
2019-06-25 00:00:00-04:00,49.24829479195758,49.74771496615134,48.91534800916175,49.64598083496094,7865700,0.0,0.0
2019-06-26 00:00:00-04:00,49.70146935546952,50.062160500014656,49.27603542762352,49.66447448730469,6655200,0.0,0.0
2019-06-27 00:00:00-04:00,49.969673323495144,50.866779472246336,49.88643663414684,50.626319885253906,7476000,0.0,0.0
2019-06-28 00:00:00-04:00,50.709556592712474,51.0887451714291,50.26562523067976,50.39510726928711,9336900,0.0,0.0
2019-07-01 00:00:00-04:00,50.95926299738006,51.782382935941676,50.54308307962086,50.802040100097656,7991100,0.0,0.0
2019-07-02 00:00:00-04:00,50.74654772670796,50.8760262367645,50.05290982738381,50.68180847167969,4960200,0.0,0.0
2019-07-03 00:00:00-04:00,50.876030125273985,51.64365781931522,50.866783171573815,51.051753997802734,4117800,0.0,0.0
2019-07-05 00:00:00-04:00,51.08874873764458,51.89336777244823,50.96851717170034,51.39394760131836,4264200,0.0,0.0
2019-07-08 00:00:00-04:00,51.21821978014451,51.28295903050386,50.64480995121233,51.153480529785156,5936900,0.0,0.0
2019-07-09 00:00:00-04:00,50.913028958448336,51.20898089223714,50.55233775964482,50.709564208984375,5757900,0.0,0.0
2019-07-10 00:00:00-04:00,50.86677938093485,51.329204648034256,50.543083105175185,51.218223571777344,5059800,0.0,0.0
2019-07-11 00:00:00-04:00,54.90837114589877,55.61125947533424,53.19739919602674,53.613582611083984,29037100,0.0,0.0
2019-07-12 00:00:00-04:00,53.54885472512816,54.08526627435591,53.03093708447266,53.225154876708984,10089400,0.0,0.0
2019-07-15 00:00:00-04:00,53.41936497280987,53.4471128877212,52.75347499135943,53.1234130859375,5883400,0.0,0.0
2019-07-16 00:00:00-04:00,53.05867401850036,53.17890557547446,52.59624875262667,53.06792449951172,5063000,0.0,0.0
2019-07-17 00:00:00-04:00,53.02168264120642,53.05867398115143,51.80087669437641,52.00434494018555,7678600,0.0,0.0
2019-07-18 00:00:00-04:00,51.85637279812131,52.420532227934764,51.3014638499909,52.254058837890625,6063400,0.0,0.0
2019-07-19 00:00:00-04:00,52.43902576879398,52.55000684457284,51.73613739013672,51.73613739013672,5480900,0.0,0.0
2019-07-22 00:00:00-04:00,51.86562338425541,51.93960959774344,51.10724264584649,51.31071090698242,5717300,0.0,0.0
2019-07-23 00:00:00-04:00,51.24596409563484,52.16156760779939,50.91301736393864,52.04133605957031,6973400,0.0,0.0
2019-07-24 00:00:00-04:00,52.16265249326154,52.3399482368874,51.2948299277281,52.24663543701172,6774800,0.5,0.0
2019-07-25 00:00:00-04:00,51.95735794629687,52.162650369250244,51.36947736398354,51.733402252197266,5526200,0.0,0.0
2019-07-26 00:00:00-04:00,51.82671356201172,52.25595807761789,51.64941428321225,51.82671356201172,4753300,0.0,0.0
2019-07-29 00:00:00-04:00,51.76140126728138,52.74119990877745,51.74273799529558,52.49858093261719,4951600,0.0,0.0
2019-07-30 00:00:00-04:00,52.171983044738425,52.80652005938465,51.826721409010545,52.75053024291992,5016900,0.0,0.0
2019-07-31 00:00:00-04:00,52.8158483943646,52.8158483943646,51.69608057456443,52.1346549987793,8473100,0.0,0.0
2019-08-01 00:00:00-04:00,52.06933462614508,53.105123049189245,51.658753335062585,51.66808319091797,11847900,0.0,0.0
2019-08-02 00:00:00-04:00,51.724072883303684,52.106661046264726,51.33215130485418,51.9853515625,6673300,0.0,0.0
2019-08-05 00:00:00-04:00,51.369483024658436,52.20931252050843,50.44567413887883,50.86558532714844,9492300,0.0,0.0
2019-08-06 00:00:00-04:00,50.949560450153754,51.04287680183314,49.45653441983208,50.47365951538086,12803400,0.0,0.0
2019-08-07 00:00:00-04:00,52.50791080592482,54.38352501826774,52.26529184613315,54.234222412109375,22891700,0.0,0.0
2019-08-08 00:00:00-04:00,54.79411099849242,55.54062404486391,54.58881857586964,55.092716217041016,14892100,0.0,0.0
2019-08-09 00:00:00-04:00,54.999402109918,55.52196304356861,54.579490951430245,55.32600402832031,6694500,0.0,0.0
2019-08-12 00:00:00-04:00,55.10205503004861,55.298014069140514,54.644817272167494,54.822113037109375,5452600,0.0,0.0
2019-08-13 00:00:00-04:00,54.77544891815642,55.96053996238328,54.57015649107072,55.84856033325195,8243200,0.0,0.0
2019-08-14 00:00:00-04:00,55.363329659961614,55.51263227287985,54.55149336504207,54.64480972290039,10561400,0.0,0.0
2019-08-15 00:00:00-04:00,54.868759426531376,55.19536132505327,54.04759331210951,54.90608596801758,10751100,0.0,0.0
2019-08-16 00:00:00-04:00,55.31667083997128,56.50176191175553,55.16736822397946,56.249813079833984,9643600,0.0,0.0
2019-08-19 00:00:00-04:00,56.74438191171185,57.43490518826668,56.54841933246581,57.28560256958008,10072100,0.0,0.0
2019-08-20 00:00:00-04:00,57.145627732740834,57.733504733553055,56.98699171372057,57.44423294067383,8961400,0.0,0.0
2019-08-21 00:00:00-04:00,58.02278538372993,58.39604370755313,57.4815611701518,57.528221130371094,9595600,0.0,0.0
2019-08-22 00:00:00-04:00,57.7708346578586,58.01345006864257,57.01498817870553,57.90147399902344,6401900,0.0,0.0
2019-08-23 00:00:00-04:00,57.257608393473504,57.966794929346904,56.0165275061261,56.21249008178711,9353100,0.0,0.0
2019-08-26 00:00:00-04:00,56.73505375141235,56.91235307478985,56.2498193058172,56.69772720336914,4849400,0.0,0.0
2019-08-27 00:00:00-04:00,57.11763668988384,57.21095305136591,55.16736923059875,55.232688903808594,7700600,0.0,0.0
2019-08-28 00:00:00-04:00,55.11138168305162,55.596616072432035,54.70079682145389,55.503299713134766,7817200,0.0,0.0
2019-08-29 00:00:00-04:00,56.1005090197464,56.548416856192176,55.848560194310316,56.12850570678711,6784000,0.0,0.0
2019-08-30 00:00:00-04:00,56.61373745247778,57.06164885590446,56.23114928011112,56.847023010253906,6310300,0.0,0.0
2019-09-03 00:00:00-04:00,56.399111156807265,56.763039591174966,55.69925453323493,56.63239669799805,5379400,0.0,0.0
2019-09-04 00:00:00-04:00,57.09897009091011,57.668187403993976,56.92167435390653,57.53754806518555,5700600,0.0,0.0
2019-09-05 00:00:00-04:00,58.79728854106113,59.10522717614232,58.20941151715977,58.564002990722656,7892700,0.0,0.0
2019-09-06 00:00:00-04:00,58.5453396058664,58.759961871553095,57.86414270912216,58.069435119628906,7124800,0.0,0.0
2019-09-09 00:00:00-04:00,58.35870774263717,59.59045502890066,58.33071105909394,59.422489166259766,8623700,0.0,0.0
2019-09-10 00:00:00-04:00,59.48781592561772,59.83308110649058,58.60133011361868,59.347843170166016,10239200,0.0,0.0
2019-09-11 00:00:00-04:00,59.235864603263906,59.73043237458732,59.05856887220374,59.711769104003906,7314800,0.0,0.0
2019-09-12 00:00:00-04:00,60.59826117158766,60.88753299653359,59.38517337527351,59.62779235839844,8816700,0.0,0.0
2019-09-13 00:00:00-04:00,59.81441470829443,60.39296544600329,58.93726230546094,59.7770881652832,6184500,0.0,0.0
2019-09-16 00:00:00-04:00,59.06789569693724,59.58112315285587,58.95591963883702,59.189205169677734,4408700,0.0,0.0
2019-09-17 00:00:00-04:00,59.25453363372572,59.48781919921283,58.92793526590586,59.235870361328125,4652500,0.0,0.0
2019-09-18 00:00:00-04:00,58.99325181542051,59.291857038658634,58.54534398056331,59.030574798583984,4747100,0.0,0.0
2019-09-19 00:00:00-04:00,59.2078695485766,59.7490901392465,59.04923353361239,59.37583541870117,4543600,0.0,0.0
2019-09-20 00:00:00-04:00,59.88907321727187,60.36497778462053,59.73044073459257,60.00105285644531,10375300,0.0,0.0
2019-09-23 00:00:00-04:00,59.65578722823458,60.019712153886815,58.88127741443696,59.11456298828125,7360100,0.0,0.0
2019-09-24 00:00:00-04:00,59.301188178807394,59.89840219787242,58.48002201729122,58.72264099121094,6519500,0.0,0.0
2019-09-25 00:00:00-04:00,58.46135479848543,59.13321469922479,58.29338893338692,58.405364990234375,5207200,0.0,0.0
2019-09-26 00:00:00-04:00,58.48935415780499,58.58266695518265,56.875018557517095,57.47222900390625,7455800,0.0,0.0
2019-09-27 00:00:00-04:00,57.798827162843004,58.32138808152932,57.46289895760363,57.92947006225586,4938900,0.0,0.0
2019-09-30 00:00:00-04:00,57.957463443231816,59.19854073602062,57.64019494829283,58.85327911376953,6383400,0.0,0.0
2019-10-01 00:00:00-04:00,58.97458857472035,59.31052034095193,57.63086150979402,58.18141555786133,5996600,0.0,0.0
2019-10-02 00:00:00-04:00,57.83615245250985,57.94812851849701,56.88434699248159,57.38824462890625,6398400,0.0,0.0
2019-10-03 00:00:00-04:00,57.39756925925692,57.649518054532635,56.33378783008477,57.12696075439453,5800100,0.0,0.0
2019-10-04 00:00:00-04:00,57.06164458566486,58.15341920571915,57.04298131528083,58.07876968383789,4677400,0.0,0.0
2019-10-07 00:00:00-04:00,57.97612884708806,58.36804688249287,57.60287052414095,57.845489501953125,4465500,0.0,0.0
2019-10-08 00:00:00-04:00,57.3695832218286,57.50022256300041,56.119172505440396,56.3431282043457,6950500,0.0,0.0
2019-10-09 00:00:00-04:00,56.79103620151562,57.2389440409253,56.5577506460113,56.73504638671875,5214900,0.0,0.0
2019-10-10 00:00:00-04:00,56.82836398683772,58.32139015083709,56.78170402699293,57.98545837402344,6729200,0.0,0.0
2019-10-11 00:00:00-04:00,58.60133620190845,59.35718275249602,58.57334307177183,58.73197555541992,6278700,0.0,0.0
2019-10-14 00:00:00-04:00,58.573340679311386,59.021248541479395,58.256072165318805,58.77863311767578,2934800,0.0,0.0
2019-10-15 00:00:00-04:00,59.23586520370864,60.626248619200545,59.23586520370864,60.495609283447266,8209600,0.0,0.0
2019-10-16 00:00:00-04:00,60.65424299754358,61.391426189830916,60.430290862959446,61.036834716796875,7343500,0.0,0.0
2019-10-17 00:00:00-04:00,61.17680667076764,62.1286157998624,60.94352109667922,62.05396270751953,8402500,0.0,0.0
2019-10-18 00:00:00-04:00,61.88598956914823,62.016628905808936,61.33543909597951,61.736690521240234,6249500,0.0,0.0
2019-10-21 00:00:00-04:00,62.175260402084476,62.31523315184701,61.223458518456866,61.307437896728516,6820700,0.0,0.0
2019-10-22 00:00:00-04:00,61.475410176303555,62.44587899128909,61.33544453127098,62.109947204589844,6293100,0.0,0.0
2019-10-23 00:00:00-04:00,62.091144619862995,62.34499683638487,61.414195811543934,61.677452087402344,4683800,0.5,0.0
2019-10-24 00:00:00-04:00,61.677456174211464,61.950116527473135,60.615026941043716,60.96289825439453,5562300,0.0,0.0
2019-10-25 00:00:00-04:00,60.774861979258546,61.68686214733691,60.53040662509823,61.20735549926758,5068400,0.0,0.0
2019-10-28 00:00:00-04:00,61.53642347839898,62.561250809973,61.44240439913798,61.940711975097656,7015900,0.0,0.0
2019-10-29 00:00:00-04:00,61.76207324473968,62.147553592760275,61.06631632935404,61.950111389160156,6505900,0.0,0.0
2019-10-30 00:00:00-04:00,62.19456641864409,63.30400868109912,61.9125020301641,63.04075241088867,8032000,0.0,0.0
2019-10-31 00:00:00-04:00,62.80570313830088,63.087760362537814,61.79027991537848,62.42021560668945,6138500,0.0,0.0
2019-11-01 00:00:00-04:00,62.86211170931132,63.548457395117005,62.721079513823916,63.21938705444336,6793300,0.0,0.0
2019-11-04 00:00:00-05:00,63.90573973453975,64.31943226062587,63.44504125888637,63.971553802490234,8822200,0.0,0.0
2019-11-05 00:00:00-05:00,64.1689923929315,64.545075834269,63.1159601918255,63.29460144042969,15587500,0.0,0.0
2019-11-06 00:00:00-05:00,65.27845097127692,66.69816291111823,65.15622687079664,66.68875885009766,22382100,0.0,0.0
2019-11-07 00:00:00-05:00,67.63836657786656,67.77939162388482,66.92380859418861,67.48793029785156,11695900,0.0,0.0
2019-11-08 00:00:00-05:00,67.5067296432625,68.61617195795219,67.29047931215365,68.13666534423828,9245700,0.0,0.0
2019-11-11 00:00:00-05:00,67.67595394219903,68.39990858128687,67.29046647819527,67.44090270996094,5057600,0.0,0.0
2019-11-12 00:00:00-05:00,67.2716820341977,68.13666905940526,66.75456632717354,68.02384185791016,5030400,0.0,0.0
2019-11-13 00:00:00-05:00,67.53492780538977,68.90762626358703,67.42210062147952,68.46572875976562,5112000,0.0,0.0
2019-11-14 00:00:00-05:00,68.41871195087367,68.87001348898664,68.28708383000625,68.57855224609375,4032700,0.0,0.0
2019-11-15 00:00:00-05:00,68.95463265405886,69.9418507933403,68.61616544653995,69.84783172607422,8767100,0.0,0.0
2019-11-18 00:00:00-05:00,69.71620595910376,70.63760289199944,69.6785968962842,70.6093978881836,8463700,0.0,0.0
2019-11-19 00:00:00-05:00,70.77863021279671,70.95727145559546,70.00766241104735,70.84444427490234,6923900,0.0,0.0
2019-11-20 00:00:00-05:00,70.75042439271871,70.97607157830065,69.8948344220454,70.44015502929688,6958100,0.0,0.0
2019-11-21 00:00:00-05:00,70.3931626715577,70.7786430557815,69.7256178710171,70.45897674560547,4339000,0.0,0.0
2019-11-22 00:00:00-05:00,70.77863398587967,71.173518379564,70.59999273355788,70.80683898925781,5402100,0.0,0.0
2019-11-25 00:00:00-05:00,70.98547715196642,72.42398964720238,70.98547715196642,72.00090026855469,8807100,0.0,0.0
2019-11-26 00:00:00-05:00,72.17014984404369,72.19835485103616,70.17691232928868,70.45897674560547,10128300,0.0,0.0
2019-11-27 00:00:00-05:00,70.60940378675814,71.04189728551981,70.16750622820716,70.55299377441406,7823800,0.0,0.0
2019-11-29 00:00:00-05:00,70.22391263447376,70.89145731312976,69.9794573298465,70.76922607421875,4463600,0.0,0.0
2019-12-02 00:00:00-05:00,70.72222420676002,71.3709679793261,70.52478200928233,71.0324935913086,5264500,0.0,0.0
2019-12-03 00:00:00-05:00,69.9418638118422,70.31794732410319,69.19910084775576,70.24272918701172,6381600,0.0,0.0
2019-12-04 00:00:00-05:00,70.7504244740804,70.92906571501865,70.42135416697943,70.51537322998047,4958400,0.0,0.0
2019-12-05 00:00:00-05:00,70.57179515522466,70.59060327491905,69.47175686856816,70.02648162841797,4900300,0.0,0.0
2019-12-06 00:00:00-05:00,70.59060265989343,71.22053837344468,70.51538452816305,70.8538589477539,5103400,0.0,0.0
2019-12-09 00:00:00-05:00,70.5435905116988,70.97608401534721,70.41196236594475,70.5059814453125,4812600,0.0,0.0
2019-12-10 00:00:00-05:00,70.51537977714203,70.56239289960494,68.29649525296567,68.80420684814453,10942900,0.0,0.0
2019-12-11 00:00:00-05:00,68.70077878296422,69.3401184672853,68.48452847764018,68.96403503417969,7192500,0.0,0.0
2019-12-12 00:00:00-05:00,69.22729210901535,70.07347805027159,68.99224085717722,69.81962585449219,4774400,0.0,0.0
2019-12-13 00:00:00-05:00,69.78202343810977,70.08288878218339,69.18029274996252,69.18968963623047,3902500,0.0,0.0
2019-12-16 00:00:00-05:00,69.81023122294782,70.52478913352267,69.51876992673262,69.95126342773438,5511800,0.0,0.0
2019-12-17 00:00:00-05:00,69.94184909097632,69.98886221006259,68.45632347546635,68.96403503417969,7901200,0.0,0.0
2019-12-18 00:00:00-05:00,68.57855760790905,69.19908920148673,68.30589728673871,68.89822387695312,7132700,0.0,0.0
2019-12-19 00:00:00-05:00,69.52815726770106,69.83842664099473,69.24610007004813,69.669189453125,6583900,0.0,0.0
2019-12-20 00:00:00-05:00,70.51537540855314,70.51537540855314,69.67859352756058,70.12049102783203,8571700,0.0,0.0
2019-12-23 00:00:00-05:00,70.08287794680174,70.46835824686224,69.87603170975706,69.93244171142578,3882500,0.0,0.0
2019-12-24 00:00:00-05:00,70.07347318384654,70.30852441936095,69.91364006526341,70.05467224121094,1315400,0.0,0.0
2019-12-26 00:00:00-05:00,70.23332073268483,70.28973791857207,69.70680815237661,70.02648162841797,2801100,0.0,0.0
2019-12-27 00:00:00-05:00,70.05468656636478,70.14870564515718,69.61278900552502,69.95126342773438,3543500,0.0,0.0
2019-12-30 00:00:00-05:00,69.8290380224429,70.07349338634992,69.20850631184388,69.29312133789062,3450800,0.0,0.0
2019-12-31 00:00:00-05:00,69.16147890596125,69.9230498491651,69.02985077714973,69.84783172607422,4531900,0.0,0.0
2020-01-02 00:00:00-05:00,70.18629960444845,70.23330554712915,69.13326749831835,69.72560119628906,5022700,0.0,0.0
2020-01-03 00:00:00-05:00,68.84181285566375,69.631581630977,68.70078066773065,69.17088317871094,4453000,0.0,0.0
2020-01-06 00:00:00-05:00,68.74780788879809,69.51877587800928,68.69139069813623,69.44355773925781,4620700,0.0,0.0
2020-01-07 00:00:00-05:00,69.20849522633247,69.26490523466147,68.31530328621172,69.18029022216797,6172300,0.0,0.0
2020-01-08 00:00:00-05:00,68.16487135451251,68.71958893343593,67.31868530995527,68.3153076171875,8311200,0.0,0.0
2020-01-09 00:00:00-05:00,68.63496216611975,68.87941746452097,68.32469280736375,68.50333404541016,5426200,0.0,0.0
2020-01-10 00:00:00-05:00,68.92643821169973,68.97345133913336,67.52553452717034,67.7981948852539,5198600,0.0,0.0
2020-01-13 00:00:00-05:00,67.96743468422893,68.62557545413162,67.34689580986664,68.40933227539062,6654600,0.0,0.0
2020-01-14 00:00:00-05:00,68.19307473928974,69.50936331362006,68.18367067979717,69.41534423828125,6484200,0.0,0.0
2020-01-15 00:00:00-05:00,69.5657648409688,71.09830355756861,69.51875889562936,70.76922607421875,8102800,0.0,0.0
2020-01-16 00:00:00-05:00,71.10771002494009,71.61542164610883,70.77863967044064,71.50260162353516,6902300,0.0,0.0
2020-01-17 00:00:00-05:00,71.55900267269188,71.86927204230247,71.29574642206283,71.47438049316406,5500400,0.0,0.0
2020-01-21 00:00:00-05:00,71.45558299051005,71.46498704939819,69.90424324094548,70.12989044189453,8662800,0.0,0.0
2020-01-22 00:00:00-05:00,70.19616029273996,70.63157248089568,69.95952276298547,70.0541763305664,4201400,0.5,0.0
2020-01-23 00:00:00-05:00,69.81753268385259,69.93111406635673,68.60594979311735,69.59982299804688,8602500,0.0,0.0
2020-01-24 00:00:00-05:00,69.70395071804575,69.71341824135729,66.41942062456167,67.61207580566406,10126000,0.0,0.0
2020-01-27 00:00:00-05:00,66.16385787367405,67.40383627695874,65.65271991878606,67.17666625976562,6403300,0.0,0.0
2020-01-28 00:00:00-05:00,67.4416983911878,68.28412744950376,67.3186494710938,67.98123168945312,5039100,0.0,0.0
2020-01-29 00:00:00-05:00,68.25572184584065,68.25572184584065,66.68444536178875,66.77910614013672,6285200,0.0,0.0
2020-01-30 00:00:00-05:00,66.3436952391938,66.4572838547321,64.72509538119633,65.9840087890625,8430500,0.0,0.0
2020-01-31 00:00:00-05:00,65.64325077129152,65.64325077129152,63.79748088674737,64.19503021240234,9869700,0.0,0.0
2020-02-03 00:00:00-05:00,64.74402603712052,64.94280068462875,63.220079851286826,63.352596282958984,7694600,0.0,0.0
2020-02-04 00:00:00-05:00,63.712282547851345,64.80081656664218,63.70282224675858,64.25181579589844,7525100,0.0,0.0
2020-02-05 00:00:00-05:00,65.10370803461088,66.9968080401377,64.89546587854637,66.76963806152344,6609800,0.0,0.0
2020-02-06 00:00:00-05:00,67.20506325160417,67.76352439535283,66.64660210785553,67.0536117553711,6514400,0.0,0.0
2020-02-07 00:00:00-05:00,67.25239490541215,68.23680076289017,67.2050645065543,67.7351303100586,6611300,0.0,0.0
2020-02-10 00:00:00-05:00,67.72566084970907,69.41051883011129,67.4511604609823,69.33479309082031,8760200,0.0,0.0
2020-02-11 00:00:00-05:00,69.8648699734325,70.1677657573361,69.5051834867986,69.9027328491211,7933600,0.0,0.0
2020-02-12 00:00:00-05:00,70.68835917144493,71.2278924198474,68.7573961714772,69.80806732177734,13500800,0.0,0.0
2020-02-13 00:00:00-05:00,69.52409838457727,70.13935736228935,68.0948130065614,68.15160369873047,8553900,0.0,0.0
2020-02-14 00:00:00-05:00,68.13267872599745,68.18000189758384,66.51407171541597,67.55528259277344,7655100,0.0,0.0
2020-02-18 00:00:00-05:00,67.38490046803295,68.15160369873047,67.11040008654284,68.15160369873047,4844000,0.0,0.0
2020-02-19 00:00:00-05:00,68.44502973084383,68.68166723617419,67.8297779942677,67.943359375,4831600,0.0,0.0
2020-02-20 00:00:00-05:00,67.67833375047194,68.36931851731832,66.78857432451738,68.09481811523438,5719300,0.0,0.0
2020-02-21 00:00:00-05:00,67.72565278212738,67.96229027302007,67.21451493520682,67.68778991699219,5186200,0.0,0.0
2020-02-24 00:00:00-05:00,65.71897314115922,66.20171570986932,64.10037335130025,64.28968048095703,9637600,0.0,0.0
2020-02-25 00:00:00-05:00,64.59257826448774,64.71563440210069,60.664393816223026,60.891571044921875,15062300,0.0,0.0
2020-02-26 00:00:00-05:00,61.194465088764986,61.715063308075436,59.20670772269624,59.30136489868164,16872600,0.0,0.0
2020-02-27 00:00:00-05:00,58.212833160719306,58.212833160719306,56.15882110595703,56.15882110595703,22059900,0.0,0.0
2020-02-28 00:00:00-05:00,54.227855178031895,56.16828212803855,54.048008351161656,56.0168342590332,23726000,0.0,0.0
2020-03-02 00:00:00-05:00,57.42719228257187,60.64546403600054,56.66048901984478,60.607601165771484,15909500,0.0,0.0
2020-03-03 00:00:00-05:00,61.118738239443466,62.14101405673207,58.08031335606123,59.197242736816406,14989700,0.0,0.0
2020-03-04 00:00:00-05:00,63.040231885296464,63.3999255261207,61.3648414743123,62.51016616821289,14690700,0.0,0.0
2020-03-05 00:00:00-05:00,60.52241471453734,61.94224353681345,60.228986481746176,60.91996765136719,8581800,0.0,0.0
2020-03-06 00:00:00-05:00,59.22564048927934,61.61094360489991,58.87541795726554,60.72119140625,11683300,0.0,0.0
2020-03-09 00:00:00-04:00,56.55636946482286,59.77464130546836,56.41438550301709,58.023521423339844,13484500,0.0,0.0
2020-03-10 00:00:00-04:00,59.40547999972614,59.97341220051397,55.9032476768098,59.254032135009766,13274300,0.0,0.0
2020-03-11 00:00:00-04:00,57.94780365531226,59.63266183421914,56.77407983363172,58.03299331665039,12099100,0.0,0.0
2020-03-12 00:00:00-04:00,54.07640715668368,54.88097328148261,50.640429350477206,51.68163299560547,16856700,0.0,0.0
2020-03-13 00:00:00-04:00,54.38876442897496,56.603691666891685,51.54911430912285,56.45224380493164,15473500,0.0,0.0
2020-03-16 00:00:00-04:00,50.810802338822654,53.849226855620124,49.419372736767066,49.50456237792969,13566000,0.0,0.0
2020-03-17 00:00:00-04:00,50.76347967818508,56.08308989426185,49.826393549426875,54.89990234375,15473700,0.0,0.0
2020-03-18 00:00:00-04:00,51.444998703783824,56.452249814782505,50.22395176646537,54.12373733520508,17953700,0.0,0.0
2020-03-19 00:00:00-04:00,53.76404415184886,55.950576149958735,51.24622106802628,52.419944763183594,16247100,0.0,0.0
2020-03-20 00:00:00-04:00,52.826965968330626,53.74511717233621,50.66882913842767,51.77629470825195,15682300,0.0,0.0
2020-03-23 00:00:00-04:00,50.981190064856705,52.031861276278185,49.2584691345123,50.25234603881836,16336800,0.0,0.0
2020-03-24 00:00:00-04:00,52.18330353526625,52.66604245598859,50.03463455979647,51.44499206542969,19331500,0.0,0.0
2020-03-25 00:00:00-04:00,51.492329351263905,54.455028706426205,49.89265729471198,50.77294921875,19601500,0.0,0.0
2020-03-26 00:00:00-04:00,50.78242027635114,55.32586056805354,49.48564388719997,55.19334411621094,23189500,0.0,0.0
2020-03-27 00:00:00-04:00,53.71671453591082,56.58475998915572,52.83642271368284,55.467830657958984,15034000,0.0,0.0
2020-03-30 00:00:00-04:00,55.770728414441535,57.17162569613069,54.69166191192046,56.490108489990234,12939200,0.0,0.0
2020-03-31 00:00:00-04:00,56.016837141731955,56.64156008487832,55.07028700903734,56.15882110595703,11018700,0.0,0.0
2020-04-01 00:00:00-04:00,54.66326838866834,55.72340349184824,54.14266655474621,55.22173309326172,11474400,0.0,0.0
2020-04-02 00:00:00-04:00,53.7356500949682,53.934424751168564,51.179964079756616,52.448341369628906,16796400,0.0,0.0
2020-04-03 00:00:00-04:00,52.26849287676952,53.57472929501855,51.44499176562786,52.74176788330078,8793000,0.0,0.0
2020-04-06 00:00:00-04:00,54.68219781083102,54.82417815441788,52.79856158850893,53.21504592895508,11833800,0.0,0.0
2020-04-07 00:00:00-04:00,54.80524836698956,55.39210837655322,53.15824972045708,53.830299377441406,12324100,0.0,0.0
2020-04-08 00:00:00-04:00,54.265720462025946,56.62262825394522,53.811373223995986,56.23454284667969,8559800,0.0,0.0
2020-04-09 00:00:00-04:00,56.33866122287737,58.16550316704885,56.14935048462294,57.237884521484375,9168000,0.0,0.0
2020-04-13 00:00:00-04:00,57.26628178941395,57.985658285949526,55.01349151130167,55.80859375,9990300,0.0,0.0
2020-04-14 00:00:00-04:00,56.67941841827599,58.373740275919914,56.48064016211726,58.269622802734375,8254200,0.0,0.0
2020-04-15 00:00:00-04:00,57.40826399274387,57.67329686059404,56.27240317069711,57.32307434082031,9272800,0.0,0.0
2020-04-16 00:00:00-04:00,57.58810776499093,59.5285347322149,57.20002237154614,59.2161750793457,11098600,0.0,0.0
2020-04-17 00:00:00-04:00,60.58867053497459,60.81584052422224,59.01739399046924,59.973411560058594,8006300,0.0,0.0
2020-04-20 00:00:00-04:00,59.396019974719216,60.28577578680233,58.8375552600069,59.0079345703125,8217900,0.0,0.0
2020-04-21 00:00:00-04:00,58.222295559892245,58.41160630367076,56.76461113764252,57.02964401245117,8569700,0.0,0.0
2020-04-22 00:00:00-04:00,58.02229502462064,58.21318995960423,57.34462146439603,57.602325439453125,5740400,0.5,0.0
2020-04-23 00:00:00-04:00,58.11773949187851,59.396730796983036,58.0891065265685,58.48998260498047,6053400,0.0,0.0
2020-04-24 00:00:00-04:00,58.54724930695526,59.84533040564767,58.203639176005176,59.473087310791016,6098000,0.0,0.0
2020-04-27 00:00:00-04:00,60.112588024405554,60.92389062489658,59.95032968891828,60.60891342163086,6728200,0.0,0.0
2020-04-28 00:00:00-04:00,62.04061566702882,62.04061566702882,59.921688859121474,60.360748291015625,7346600,0.0,0.0
2020-04-29 00:00:00-04:00,60.62799839656788,61.13387050279086,59.67352739594374,59.759429931640625,7689300,0.0,0.0
2020-04-30 00:00:00-04:00,59.511264351887554,59.82624152406269,58.61406293835892,58.74768829345703,7361400,0.0,0.0
2020-05-01 00:00:00-04:00,58.02229573498713,58.03183884339503,56.57149930877499,56.9819221496582,7715800,0.0,0.0
2020-05-04 00:00:00-04:00,56.46650233951203,57.39234034389733,56.256517561358386,57.22053527832031,6372000,0.0,0.0
2020-05-05 00:00:00-04:00,57.869576903792414,58.804958033200826,57.60232255180583,58.42316818237305,7846500,0.0,0.0
2020-05-06 00:00:00-04:00,60.54209446725977,60.59936403674539,57.51641957159956,57.65959167480469,16386000,0.0,0.0
2020-05-07 00:00:00-04:00,58.56634584003759,58.97676869423812,58.07956355202385,58.65224838256836,9783700,0.0,0.0
2020-05-08 00:00:00-04:00,59.32992066615007,60.35120440428651,58.94813078753052,60.246212005615234,7320900,0.0,0.0
2020-05-11 00:00:00-04:00,59.85487270485386,61.16250053453233,59.826239741334014,60.93342590332031,6912100,0.0,0.0
2020-05-12 00:00:00-04:00,61.277039148574474,61.63019606236165,60.17939961401718,60.46574020385742,10781900,0.0,0.0
2020-05-13 00:00:00-04:00,60.39892646267655,60.60891125735538,57.99365899632863,58.36590576171875,10931400,0.0,0.0
2020-05-14 00:00:00-04:00,59.473087310791016,59.56853295115813,57.59277833921293,59.473087310791016,8854900,0.0,0.0
2020-05-15 00:00:00-04:00,58.957671780008916,60.4180111872472,58.90040221150276,60.313018798828125,10420600,0.0,0.0
2020-05-18 00:00:00-04:00,61.534747963620255,61.906991079698805,60.771168233079855,60.82843780517578,6819400,0.0,0.0
2020-05-19 00:00:00-04:00,60.41801419595224,61.25794970411431,60.00759137043088,60.71390151977539,5061100,0.0,0.0
2020-05-20 00:00:00-04:00,61.181591428874796,61.4011229693765,60.12213164641475,60.34165954589844,7046500,0.0,0.0
2020-05-21 00:00:00-04:00,60.0839489169782,61.019330040421416,59.87396413626027,60.45619201660156,5484100,0.0,0.0
2020-05-22 00:00:00-04:00,60.532546535065286,60.59936285200113,60.02667809139469,60.44664764404297,3495900,0.0,0.0
2020-05-26 00:00:00-04:00,61.53475170434132,62.61330140341179,61.40112633567901,61.6970100402832,7974400,0.0,0.0
2020-05-27 00:00:00-04:00,62.011982544407374,62.99508651735551,60.94297239409509,62.966453552246094,7118400,0.0,0.0
2020-05-28 00:00:00-04:00,63.66321979352976,64.64633114863446,63.38642958125963,63.52959442138672,6599500,0.0,0.0
2020-05-29 00:00:00-04:00,63.36733704729355,63.66322076411599,61.677926369708054,62.58467102050781,8977600,0.0,0.0
2020-06-01 00:00:00-04:00,62.460582717500124,62.9569044186821,62.05015990839295,62.65147399902344,5187000,0.0,0.0
2020-06-02 00:00:00-04:00,62.651474589030045,64.24543937907092,62.43195034141448,63.796836853027344,5463700,0.0,0.0
2020-06-03 00:00:00-04:00,64.08318250476385,64.59859771979309,63.2241571463818,63.8063850402832,6102400,0.0,0.0
2020-06-04 00:00:00-04:00,63.271878875202,63.6823016667185,62.94735497207869,63.50094985961914,5468900,0.0,0.0
2020-06-05 00:00:00-04:00,64.21680685017013,66.03984993099935,64.07363474569084,65.23809051513672,8598400,0.0,0.0
2020-06-08 00:00:00-04:00,65.09492157379226,67.42383322585204,65.0567491406429,67.40474700927734,8556300,0.0,0.0
2020-06-09 00:00:00-04:00,66.68889015423163,67.08976621910544,65.83941156255516,66.21165466308594,5957100,0.0,0.0
2020-06-10 00:00:00-04:00,66.41209504395877,66.4407280093143,64.31225443944265,64.43634033203125,6344400,0.0,0.0
2020-06-11 00:00:00-04:00,63.100083726777015,63.40551418131538,59.85488059603411,60.284393310546875,11927500,0.0,0.0
2020-06-12 00:00:00-04:00,61.82108792833566,62.78510574689139,59.88351646461959,61.22932052612305,10345500,0.0,0.0
2020-06-15 00:00:00-04:00,60.160309605586434,60.876162898907616,59.00540049953928,60.43710708618164,9379400,0.0,0.0
2020-06-16 00:00:00-04:00,62.01198744966664,63.17644333646617,61.00978989934601,62.594215393066406,10975600,0.0,0.0
2020-06-17 00:00:00-04:00,62.99508608304537,63.12871144065866,61.725637903683285,62.04061508178711,7183300,0.0,0.0
2020-06-18 00:00:00-04:00,61.70655951215032,62.01198998000014,60.98115942024322,61.55384063720703,5852200,0.0,0.0
2020-06-19 00:00:00-04:00,62.90919516520006,62.99509407082809,61.19114423227186,61.55384063720703,21245800,0.0,0.0
2020-06-22 00:00:00-04:00,61.601564765571055,61.782916602166516,60.39892915821572,61.372493743896484,6069600,0.0,0.0
2020-06-23 00:00:00-04:00,61.90698575326032,62.28877558568156,61.40111732016721,61.49656295776367,5260300,0.0,0.0
2020-06-24 00:00:00-04:00,60.90479599214384,61.1338706348363,59.49217934509108,60.3034782409668,7164400,0.0,0.0
2020-06-25 00:00:00-04:00,59.84533067331649,61.27703349031574,59.57807632526119,61.105228424072266,5681400,0.0,0.0
2020-06-26 00:00:00-04:00,60.99069659524437,61.2006813743066,59.8644205564852,60.56118392944336,7321900,0.0,0.0
2020-06-29 00:00:00-04:00,61.08614252258914,62.29831745917608,60.96206027610514,61.48701858520508,7109100,0.0,0.0
2020-06-30 00:00:00-04:00,61.76381746542549,62.29831889456193,61.04796421624527,62.01198196411133,7036100,0.0,0.0
2020-07-01 00:00:00-04:00,62.01198020957945,62.6132943003447,61.55383093897096,61.620643615722656,5008000,0.0,0.0
2020-07-02 00:00:00-04:00,62.19333554102914,62.804196415022695,61.62064709987867,61.7542724609375,4700700,0.0,0.0
2020-07-06 00:00:00-04:00,62.09788690898852,62.422410866894694,61.601565145294785,61.97380828857422,5307300,0.0,0.0
2020-07-07 00:00:00-04:00,61.391578394252136,61.63019615966543,60.74253778104651,61.009788513183594,5845900,0.0,0.0
2020-07-08 00:00:00-04:00,60.89525149010873,61.21022503928785,59.5876271876645,60.26530075073242,9400300,0.0,0.0
2020-07-09 00:00:00-04:00,59.50172319114369,59.883513053360964,57.79321920129921,58.48998260498047,10172500,0.0,0.0
2020-07-10 00:00:00-04:00,58.60452619263301,59.873970844892774,58.22273630146203,59.79761505126953,9474700,0.0,0.0
2020-07-13 00:00:00-04:00,59.81669712703657,60.64708953668204,59.530356548994476,59.76897430419922,6745100,0.0,0.0
2020-07-14 00:00:00-04:00,59.57807930630322,60.990699619657434,59.368098157846234,60.7998046875,6563300,0.0,0.0
2020-07-15 00:00:00-04:00,61.038422230383844,61.687459171835464,60.5993664366597,61.639739990234375,7171100,0.0,0.0
2020-07-16 00:00:00-04:00,61.563381939664744,62.3842276147565,61.200685566824525,62.031070709228516,5783700,0.0,0.0
2020-07-17 00:00:00-04:00,62.336493664316635,62.641924068461066,62.05969622274274,62.384220123291016,5120900,0.0,0.0
2020-07-20 00:00:00-04:00,62.36513048071866,62.48921636890581,60.84752511441853,61.000240325927734,5679800,0.0,0.0
2020-07-21 00:00:00-04:00,60.97160512814826,61.82108004759699,60.65662796787587,61.582462310791016,5947600,0.0,0.0
2020-07-22 00:00:00-04:00,61.66904545819296,61.765236542074,60.726358892231175,61.35160827636719,4836000,0.5,0.0
2020-07-23 00:00:00-04:00,61.37084658337647,61.89990487808268,61.11112625627605,61.361228942871094,5138300,0.0,0.0
2020-07-24 00:00:00-04:00,61.83257248589822,62.515538738064926,60.61092661077278,60.92836380004883,6436800,0.0,0.0
2020-07-27 00:00:00-04:00,60.46663857130403,60.65902440854905,59.74519443372618,60.187679290771484,6993400,0.0,0.0
2020-07-28 00:00:00-04:00,60.04338412461977,61.082265359793716,59.86061961226332,60.86102294921875,5593500,0.0,0.0
2020-07-29 00:00:00-04:00,61.04379113505444,62.12115033327998,60.68787972875104,61.77485656738281,6376000,0.0,0.0
2020-07-30 00:00:00-04:00,61.236177602855605,61.70752271564561,60.870644882903434,61.563232421875,4600800,0.0,0.0
2020-07-31 00:00:00-04:00,61.361229434436375,61.4670418281162,59.918341163067026,60.5435905456543,9198000,0.0,0.0
2020-08-03 00:00:00-04:00,61.03417286156009,61.72675671671591,60.62054460874608,61.42856216430664,6130500,0.0,0.0
2020-08-04 00:00:00-04:00,61.313127468214276,62.91954481680119,61.24578931337449,62.505916595458984,9482400,0.0,0.0
2020-08-05 00:00:00-04:00,63.0445924302618,63.10230560657422,61.46703534051558,61.947998046875,12890100,0.0,0.0
2020-08-06 00:00:00-04:00,62.09230109662061,62.90993639780682,61.48628326507118,61.678672790527344,6644100,0.0,0.0
2020-08-07 00:00:00-04:00,61.36122801289169,62.496300386962595,61.22655903112981,62.48667907714844,6115100,0.0,0.0
2020-08-10 00:00:00-04:00,62.428964965000624,63.448603622821736,62.32315257535024,63.20812225341797,6516500,0.0,0.0
2020-08-11 00:00:00-04:00,63.775660462271944,64.61253090938595,62.5924889260955,62.7752571105957,6957500,0.0,0.0
2020-08-12 00:00:00-04:00,63.32355464804683,63.46784493449799,62.150004415310335,62.515533447265625,6865100,0.0,0.0
2020-08-13 00:00:00-04:00,62.11153221603815,62.49630390224715,61.6113341612031,62.23657989501953,6558000,0.0,0.0
2020-08-14 00:00:00-04:00,61.83257132942191,63.17926852690363,61.64980313194024,63.169647216796875,4920500,0.0,0.0
2020-08-17 00:00:00-04:00,63.34278894264558,63.37164553170512,62.40972008887403,62.42896270751953,5603800,0.0,0.0
2020-08-18 00:00:00-04:00,62.53477765202223,63.06383226388095,62.42896526186868,62.69830322265625,7118700,0.0,0.0
2020-08-19 00:00:00-04:00,62.90030701960881,63.20812288195015,62.515535356954864,62.79449462890625,5070000,0.0,0.0
2020-08-20 00:00:00-04:00,62.35200845222964,62.45782084066966,61.216936108071195,61.29389190673828,6035400,0.0,0.0
2020-08-21 00:00:00-04:00,61.27465598375032,61.67866660779987,61.01493565460161,61.505516052246094,4961700,0.0,0.0
2020-08-24 00:00:00-04:00,61.57285166485708,64.73758735597417,61.00531181878725,61.43817901611328,8360100,0.0,0.0
2020-08-25 00:00:00-04:00,61.62094207008283,61.72675445685272,60.78406795478695,61.053409576416016,4326100,0.0,0.0
2020-08-26 00:00:00-04:00,60.716735825795,60.76483136634424,59.533567914901916,60.31272888183594,8198800,0.0,0.0
2020-08-27 00:00:00-04:00,60.24540147498077,61.18808812451657,59.89910767118089,60.976463317871094,5074000,0.0,0.0
2020-08-28 00:00:00-04:00,61.05341691129736,61.20732485523812,60.437785135534355,60.803314208984375,5045000,0.0,0.0
2020-08-31 00:00:00-04:00,60.08186514620267,60.659022641121034,59.74519269292452,59.75481033325195,8171400,0.0,0.0
2020-09-01 00:00:00-04:00,59.6489977456492,59.67785800544538,57.66743359382544,57.984867095947266,12370500,0.0,0.0
2020-09-02 00:00:00-04:00,58.00410621265968,58.98527065109508,57.888676181506845,58.59088134765625,15721300,0.0,0.0
2020-09-03 00:00:00-04:00,59.04299039457044,59.62976555831963,57.754010030263004,58.148399353027344,8928900,0.0,0.0
2020-09-04 00:00:00-04:00,58.14839169982169,58.48506412514298,57.032558372315656,57.946388244628906,8655200,0.0,0.0
2020-09-08 00:00:00-04:00,58.12916221102205,58.49469495332356,57.02294634302358,57.263427734375,7801500,0.0,0.0
2020-09-09 00:00:00-04:00,57.41733567806172,57.85020291638524,56.95561184700157,57.263427734375,6259300,0.0,0.0
2020-09-10 00:00:00-04:00,57.17684688140585,57.3788540127636,55.75319766932506,55.79167556762695,10105400,0.0,0.0
2020-09-11 00:00:00-04:00,55.916728466537364,55.9263461066547,54.88746850962363,55.21452331542969,11597100,0.0,0.0
2020-09-14 00:00:00-04:00,55.43577018016209,55.99368508808891,55.35881437523164,55.76282501220703,12955200,0.0,0.0
2020-09-15 00:00:00-04:00,55.79167550070244,56.37845060601217,54.820132421198394,54.829750061035156,10139200,0.0,0.0
2020-09-16 00:00:00-04:00,55.022143034178654,55.64739244955448,53.96402271134638,55.291481018066406,15419400,0.0,0.0
2020-09-17 00:00:00-04:00,54.92594573605026,56.4457898193159,54.65660776461773,56.18606948852539,12278700,0.0,0.0
2020-09-18 00:00:00-04:00,56.28226040167237,57.49428860834364,55.67624996779138,57.301902770996094,13532300,0.0,0.0
2020-09-21 00:00:00-04:00,56.609312533388604,56.76322046205966,55.75319945081497,56.6285514831543,9784500,0.0,0.0
2020-09-22 00:00:00-04:00,56.57083393478896,56.974840840306754,55.8782464745251,55.92634201049805,6906400,0.0,0.0
2020-09-23 00:00:00-04:00,55.945585056343816,56.15720983346963,55.18566305616879,55.21452331542969,6726000,0.0,0.0
2020-09-24 00:00:00-04:00,55.00289884063494,55.406905777963686,54.20449893669317,54.5507926940918,6960900,0.0,0.0
2020-09-25 00:00:00-04:00,54.16602628597458,55.24338181972012,53.973640451870665,55.137569427490234,4911400,0.0,0.0
2020-09-28 00:00:00-04:00,55.4069119831609,56.36883756390644,55.4069119831609,55.73396682739258,5304900,0.0,0.0
2020-09-29 00:00:00-04:00,55.743582877103684,55.743582877103684,54.87784846835739,55.34919357299805,5779900,0.0,0.0
2020-09-30 00:00:00-04:00,55.44538717620096,56.84979757475526,55.40690927418325,56.17645263671875,8156400,0.0,0.0
2020-10-01 00:00:00-04:00,56.205307803728395,56.436167871073096,55.1760478023013,55.63777160644531,7559200,0.0,0.0
2020-10-02 00:00:00-04:00,54.916328253081524,56.455407622050146,54.75279900606036,55.62815475463867,7143300,0.0,0.0
2020-10-05 00:00:00-04:00,56.041778239684255,56.72474813620255,55.974443747971186,56.705509185791016,5168900,0.0,0.0
2020-10-06 00:00:00-04:00,56.859415831292985,57.25380513215672,55.94558588945129,56.01292037963867,5708000,0.0,0.0
2020-10-07 00:00:00-04:00,56.36883322498415,57.69629145168088,56.33035899350155,57.15761184692383,6061400,0.0,0.0
2020-10-08 00:00:00-04:00,57.359619294667624,58.1964934624657,57.071042375025655,58.16763687133789,4894100,0.0,0.0
2020-10-09 00:00:00-04:00,58.485071688199014,58.485071688199014,56.95560994354051,57.13837814331055,5698900,0.0,0.0
2020-10-12 00:00:00-04:00,57.234568904724554,57.927156458973606,57.0133264736627,57.44619369506836,5806900,0.0,0.0
2020-10-13 00:00:00-04:00,57.13837161253567,57.66742986146661,56.70550443815426,56.8690299987793,5700200,0.0,0.0
2020-10-14 00:00:00-04:00,56.69588532165523,57.080656973642355,56.21492259139854,56.282257080078125,6191700,0.0,0.0
2020-10-15 00:00:00-04:00,55.86863113906012,57.07103793524043,55.705101906663344,57.06141662597656,8205000,0.0,0.0
2020-10-16 00:00:00-04:00,57.1095193071808,57.58086444479915,56.65741679049705,57.321144104003906,6816100,0.0,0.0
2020-10-19 00:00:00-04:00,57.77324400324851,58.13877303322358,56.47464244058635,56.54197692871094,6983900,0.0,0.0
2020-10-20 00:00:00-04:00,56.79208594681304,57.59048225354917,56.234167360637954,57.167236328125,7590600,0.0,0.0
2020-10-21 00:00:00-04:00,56.86650584816264,57.83659296662609,56.856806605237026,57.45825958251953,5385300,0.5,0.0
2020-10-22 00:00:00-04:00,57.37095299949653,57.74928639287275,56.86650724146533,57.700782775878906,5722500,0.0,0.0
2020-10-23 00:00:00-04:00,57.99180416735392,58.78727527291715,57.904496182568266,58.44774627685547,6810100,0.0,0.0
2020-10-26 00:00:00-04:00,58.117917981632225,58.18582378254851,56.91500835002199,57.77838897705078,7551500,0.0,0.0
2020-10-27 00:00:00-04:00,57.3515463611359,57.48735795841289,56.37176005178872,56.41056442260742,5415000,0.0,0.0
2020-10-28 00:00:00-04:00,55.644200252149865,56.206848882286344,54.75171813803803,54.877830505371094,10660200,0.0,0.0
2020-10-29 00:00:00-04:00,54.77111825931991,54.974835667688836,53.704023900692356,54.25697326660156,9757900,0.0,0.0
2020-10-30 00:00:00-04:00,54.25696807691954,54.62560218579537,53.74282313337918,54.41218185424805,8663100,0.0,0.0
2020-11-02 00:00:00-05:00,55.168854560602746,56.48817366178089,54.50919501001367,56.3426628112793,9437900,0.0,0.0
2020-11-03 00:00:00-05:00,56.71129256628103,58.28283637672208,56.65308970702755,57.67168045043945,7153900,0.0,0.0
2020-11-04 00:00:00-05:00,59.41783710958039,60.106598088341975,58.42834778629713,58.56415939331055,11190800,0.0,0.0
2020-11-05 00:00:00-05:00,59.52454402389174,60.737152878027125,59.204413510117504,59.57304763793945,10069400,0.0,0.0
2020-11-06 00:00:00-05:00,61.16399303843082,65.31596848698322,61.1348916086088,63.00715637207031,24526900,0.0,0.0
2020-11-09 00:00:00-05:00,66.93600843809017,67.54716063331855,63.8123268601243,65.50997924804688,15696400,0.0,0.0
2020-11-10 00:00:00-05:00,66.40245783147179,68.53665385351148,65.9659216048517,68.12921905517578,15038800,0.0,0.0
2020-11-11 00:00:00-05:00,68.00311113921722,68.8858940424774,67.37255297991395,67.4307632446289,9628000,0.0,0.0
2020-11-12 00:00:00-05:00,66.93601291950401,67.80909282912435,66.3927664873747,67.31434631347656,6066400,0.0,0.0
2020-11-13 00:00:00-05:00,67.6247693370613,69.05079852628545,67.01361714218396,68.87618255615234,6722000,0.0,0.0
2020-11-16 00:00:00-05:00,71.38870643594981,71.8446485590511,70.3022136161448,71.27230072021484,13265600,0.0,0.0
2020-11-17 00:00:00-05:00,66.20845019655293,66.66439235645392,64.65631218500118,65.13165283203125,34429700,0.0,0.0
2020-11-18 00:00:00-05:00,65.48087407911136,66.22783783060721,64.30706966894552,64.36527252197266,11674600,0.0,0.0
2020-11-19 00:00:00-05:00,64.04514185905272,64.50108394303375,63.230272314115545,64.08394622802734,11656400,0.0,0.0
2020-11-20 00:00:00-05:00,63.92874263587213,64.86972832568976,63.851133890053134,64.40408325195312,8822500,0.0,0.0
2020-11-23 00:00:00-05:00,64.86972898759488,65.4614827284424,64.41378685272771,64.78241729736328,5889100,0.0,0.0
2020-11-24 00:00:00-05:00,65.24805657673271,66.7710929380141,64.73391162819227,66.383056640625,8312200,0.0,0.0
2020-11-25 00:00:00-05:00,66.28605240080877,66.35395820082077,65.07344354261095,65.60698699951172,6789100,0.0,0.0
2020-11-27 00:00:00-05:00,65.68460335740801,66.12114703767315,65.46148744629339,65.8398208618164,2803700,0.0,0.0
2020-11-30 00:00:00-05:00,65.78160551721406,66.0532287277752,65.18985177941553,65.76220703125,8242600,0.0,0.0
2020-12-01 00:00:00-05:00,66.3442486699591,67.2561328091548,65.34506025420706,65.5196762084961,8233200,0.0,0.0
2020-12-02 00:00:00-05:00,65.52938188850509,68.18741828046599,65.43236726448745,67.54715728759766,8138500,0.0,0.0
2020-12-03 00:00:00-05:00,67.62477316152194,70.45742581394423,67.15913548228464,70.35071563720703,13270200,0.0,0.0
2020-12-04 00:00:00-05:00,70.54473807760546,72.29089049069638,70.39922352622015,72.27149200439453,11964700,0.0,0.0
2020-12-07 00:00:00-05:00,72.00957132480154,72.4073032017449,70.26341152042767,71.4275131225586,6868000,0.0,0.0
2020-12-08 00:00:00-05:00,70.55444650491744,71.72825114861386,70.44773631901975,71.65064239501953,6044200,0.0,0.0
2020-12-09 00:00:00-05:00,72.15507795004486,72.21328821055279,70.68054877131162,71.33050537109375,6825900,0.0,0.0
2020-12-10 00:00:00-05:00,70.59323419431124,70.97157496802005,69.92387913585056,70.04998779296875,6003100,0.0,0.0
2020-12-11 00:00:00-05:00,69.84627761658489,69.95298779948223,68.5366613915095,69.4388427734375,6515800,0.0,0.0
2020-12-14 00:00:00-05:00,70.14699781546405,70.16640370267183,67.59567133476966,67.63447570800781,7157600,0.0,0.0
2020-12-15 00:00:00-05:00,67.9837116335391,68.09042181587732,66.74200122216124,67.79939270019531,7808700,0.0,0.0
2020-12-16 00:00:00-05:00,67.08152404302523,67.5471617035741,66.30545140720756,67.2464370727539,7380700,0.0,0.0
2020-12-17 00:00:00-05:00,67.37254259224653,67.79938326218101,66.63528176385749,67.50835418701172,7497600,0.0,0.0
2020-12-18 00:00:00-05:00,67.65387787665694,67.70238519613939,66.76139944713135,67.46956634521484,12530500,0.0,0.0
2020-12-21 00:00:00-05:00,66.64498303046813,66.89720775720312,65.92712062487503,66.6546859741211,6988400,0.0,0.0
2020-12-22 00:00:00-05:00,66.38306358982986,66.49947671158615,65.05404153752808,65.20925903320312,5685000,0.0,0.0
2020-12-23 00:00:00-05:00,65.50999418275767,66.43158155843602,65.47118980261743,65.97563934326172,4924100,0.0,0.0
2020-12-24 00:00:00-05:00,66.13084309411971,66.13084309411971,65.4711834976197,65.93682861328125,2117600,0.0,0.0
2020-12-28 00:00:00-05:00,66.19873576944401,66.9263010300145,65.69429377863283,66.04352569580078,4818200,0.0,0.0
2020-12-29 00:00:00-05:00,66.35394757940675,67.236722838255,65.6942881700931,65.86890411376953,4389800,0.0,0.0
2020-12-30 00:00:00-05:00,66.04353446409972,66.05323000668078,65.412976340987,65.72340393066406,4967300,0.0,0.0
2020-12-31 00:00:00-05:00,65.67489221075937,66.36366054907691,65.07344295923849,66.25695037841797,5386900,0.0,0.0
2021-01-04 00:00:00-05:00,66.62558111274659,68.1874219074454,66.09203025697605,67.89639282226562,11367200,0.0,0.0
2021-01-05 00:00:00-05:00,68.22622441600751,68.89557945176135,67.30463727221965,68.35233306884766,8012200,0.0,0.0
2021-01-06 00:00:00-05:00,67.90609073007504,70.84545318748862,67.85758341908294,70.38951110839844,10142400,0.0,0.0
2021-01-07 00:00:00-05:00,70.86485667231698,72.19387109484177,70.11788555492558,71.7767333984375,7962300,0.0,0.0
2021-01-08 00:00:00-05:00,72.75653915338792,74.04675689065736,72.19388680765236,72.6207275390625,11254700,0.0,0.0
2021-01-11 00:00:00-05:00,72.02895947976094,74.1922567381623,72.02895947976094,73.79451751708984,6675000,0.0,0.0
2021-01-12 00:00:00-05:00,73.76542334459214,74.91982935214789,73.28037979871857,73.97884368896484,5641300,0.0,0.0
2021-01-13 00:00:00-05:00,73.6781131004233,73.84303353414428,72.29088823601441,72.67892456054688,6223800,0.0,0.0
2021-01-14 00:00:00-05:00,72.75653113758588,73.41619064928041,72.11627011101012,72.80503845214844,5088100,0.0,0.0
2021-01-15 00:00:00-05:00,72.77593036635086,74.16315520359633,72.61101733703637,73.97884368896484,8110300,0.0,0.0
2021-01-19 00:00:00-05:00,74.69670728897566,74.69670728897566,73.05725770867205,73.14456939697266,5919000,0.0,0.0
2021-01-20 00:00:00-05:00,73.16396698507285,73.20277135704406,72.35879291931903,72.99905395507812,4764400,0.0,0.0
2021-01-21 00:00:00-05:00,72.95022178201356,73.10647751312023,71.81739753422362,72.3447494506836,5029500,0.5,0.0
2021-01-22 00:00:00-05:00,72.00295551625489,72.55960356727994,71.3095799634649,72.38381958007812,4183600,0.0,0.0
2021-01-25 00:00:00-05:00,71.77834039772272,71.80763648740825,70.46973205387488,71.49513244628906,7554800,0.0,0.0
2021-01-26 00:00:00-05:00,71.65138547936522,72.63772189795986,71.5634897629524,72.49124145507812,4667600,0.0,0.0
2021-01-27 00:00:00-05:00,71.8076327789874,72.4521765215188,70.49902450272111,70.7236328125,6279800,0.0,0.0
2021-01-28 00:00:00-05:00,70.74316356565782,72.06153959615817,70.52831566648175,70.9091796875,5020000,0.0,0.0
2021-01-29 00:00:00-05:00,70.82128841170749,71.58302395211028,69.37596010062076,69.97167205810547,6469500,0.0,0.0
2021-02-01 00:00:00-05:00,70.39159733416056,70.77246136439528,69.66892575568359,69.78611755371094,5207100,0.0,0.0
2021-02-02 00:00:00-05:00,70.02050127988753,70.94825301734338,69.53221324460048,70.1474609375,5543900,0.0,0.0
2021-02-03 00:00:00-05:00,70.05955774231603,71.94434965546769,69.6689258656251,71.52442169189453,6128200,0.0,0.0
2021-02-04 00:00:00-05:00,71.68067857486352,72.30568660734052,71.0849666297396,71.29004669189453,8117500,0.0,0.0
2021-02-05 00:00:00-05:00,71.51466561945952,71.64161782051734,70.2451138061462,70.4892578125,6421800,0.0,0.0
2021-02-08 00:00:00-05:00,70.77246720194567,71.28028346725058,70.47949140805335,71.27052307128906,5826900,0.0,0.0
2021-02-09 00:00:00-05:00,71.52442594019136,72.40334585227984,71.14356188673365,71.76856994628906,8100200,0.0,0.0
2021-02-10 00:00:00-05:00,72.21779317880234,72.42288069812753,71.1044971200721,72.1006088256836,4752800,0.0,0.0
2021-02-11 00:00:00-05:00,72.26662370985744,72.34475157770783,71.2119198459279,71.87599182128906,4725500,0.0,0.0
2021-02-12 00:00:00-05:00,71.84670210818767,72.81351034389569,71.81740601781534,72.47171020507812,5870600,0.0,0.0
2021-02-16 00:00:00-05:00,73.50686699321633,73.6240587870948,68.54586692995753,68.87789916992188,18932600,0.0,0.0
2021-02-17 00:00:00-05:00,68.6044600112589,71.14355597349625,68.47750782088613,71.0068359375,13280300,0.0,0.0
2021-02-18 00:00:00-05:00,70.94824693732836,71.26075095510421,69.64939908660735,69.84471130371094,7328800,0.0,0.0
2021-02-19 00:00:00-05:00,69.72753274931198,69.74706099237208,68.64353271771544,68.7704849243164,6530800,0.0,0.0
2021-02-22 00:00:00-05:00,68.65330230896714,68.98533460421415,67.74508624457157,68.82908630371094,6054900,0.0,0.0
2021-02-23 00:00:00-05:00,68.08687878239509,69.14158263305924,67.83296694041665,68.00875091552734,8150600,0.0,0.0
2021-02-24 00:00:00-05:00,68.25290538932433,68.88768136637634,67.76461732246655,68.75096130371094,5826100,0.0,0.0
2021-02-25 00:00:00-05:00,68.34079243696779,68.99509657530137,67.54000040704275,67.70601654052734,5243400,0.0,0.0
2021-02-26 00:00:00-05:00,67.64741467043017,67.70601429553389,66.42669469878423,66.53411865234375,10227500,0.0,0.0
2021-03-01 00:00:00-05:00,66.81732487106417,67.94038870639393,66.66107659304477,67.65718078613281,5656500,0.0,0.0
2021-03-02 00:00:00-05:00,67.86226953772953,68.00875743948802,67.25679713813128,67.32515716552734,5251800,0.0,0.0
2021-03-03 00:00:00-05:00,67.3544479852879,67.88179991994289,66.68060816033704,67.41304016113281,6192100,0.0,0.0
2021-03-04 00:00:00-05:00,67.34468645515268,68.39939042338034,66.81733447103886,67.54976654052734,7396700,0.0,0.0
2021-03-05 00:00:00-05:00,67.7743711955089,69.28805942024786,67.53999505793519,68.97555541992188,8295600,0.0,0.0
2021-03-08 00:00:00-05:00,69.62010883304481,70.8408289189433,69.12205295180668,70.0498046875,9007400,0.0,0.0
2021-03-09 00:00:00-05:00,70.65526847398925,71.3388761092214,69.51267640095035,69.56150817871094,8697300,0.0,0.0
2021-03-10 00:00:00-05:00,70.03026971016386,71.37794201653644,69.46385379634825,70.99707794189453,7402200,0.0,0.0
2021-03-11 00:00:00-05:00,71.24121755837338,71.70997732548231,70.62597734905889,70.6552734375,5536100,0.0,0.0
2021-03-12 00:00:00-05:00,70.98730758539745,72.3154514621455,70.80175577225845,72.18849182128906,6286700,0.0,0.0
2021-03-15 00:00:00-04:00,72.15920144581833,73.4482814928346,71.85646526415567,73.21390533447266,7139500,0.0,0.0
2021-03-16 00:00:00-04:00,73.24320156104304,73.48734556624652,72.41311343348796,73.31156158447266,5756300,0.0,0.0
2021-03-17 00:00:00-04:00,72.01271799132084,72.64749393291392,71.17286196718554,72.27639770507812,7926700,0.0,0.0
2021-03-18 00:00:00-04:00,72.27639775980879,73.5264139499751,72.08107807341769,72.73538970947266,6860600,0.0,0.0
2021-03-19 00:00:00-04:00,72.75490789106459,72.9013957729282,71.45606009625477,71.46582794189453,10427000,0.0,0.0
2021-03-22 00:00:00-04:00,71.21191892511736,71.84669480449752,70.65527091257736,71.74903869628906,6819600,0.0,0.0
2021-03-23 00:00:00-04:00,71.39747645284154,71.71974834130307,70.11816419648609,70.2158203125,7192300,0.0,0.0
2021-03-24 00:00:00-04:00,70.43066811739948,72.5596042258627,70.02050050974975,71.49513244628906,7555500,0.0,0.0
2021-03-25 00:00:00-04:00,71.53419180588398,72.51076780323393,70.59667974251005,72.3349838256836,5506800,0.0,0.0
2021-03-26 00:00:00-04:00,72.6181972446051,74.21978140518866,72.38382107372765,74.18071746826172,9051200,0.0,0.0
2021-03-29 00:00:00-04:00,73.9268047511925,75.06940440374957,73.7412603662841,74.51275634765625,6135800,0.0,0.0
2021-03-30 00:00:00-04:00,74.38579323323492,75.01080128643446,73.95610485333755,74.29790496826172,5733000,0.0,0.0
2021-03-31 00:00:00-04:00,74.18071555501552,74.38579563057947,73.43851567391468,73.46781921386719,6320500,0.0,0.0
2021-04-01 00:00:00-04:00,73.46781682124569,73.53617684420739,72.1787367806224,72.55960083007812,6965300,0.0,0.0
2021-04-05 00:00:00-04:00,72.4326408982368,73.63383266924724,72.39357696374144,73.28226470947266,6063800,0.0,0.0
2021-04-06 00:00:00-04:00,73.4189886702048,73.4189886702048,72.6377248400011,72.87210845947266,6746500,0.0,0.0
2021-04-07 00:00:00-04:00,73.11624370331687,73.16506803016959,72.40333998498178,72.7451400756836,5137400,0.0,0.0
2021-04-08 00:00:00-04:00,72.55959450627928,72.61818667780176,71.88575473103857,72.06153869628906,5180100,0.0,0.0
2021-04-09 00:00:00-04:00,72.26662380389644,72.461936023093,71.86622406865484,72.3349838256836,4662700,0.0,0.0
2021-04-12 00:00:00-04:00,72.58889862749837,73.17484275963524,72.51077075636441,72.71585083007812,4233400,0.0,0.0
2021-04-13 00:00:00-04:00,72.32521200311737,72.60841992086027,71.58301965042892,72.28614807128906,3934100,0.0,0.0
2021-04-14 00:00:00-04:00,72.26662335078366,73.41898331845863,72.24709510925987,73.32132720947266,3968700,0.0,0.0
2021-04-15 00:00:00-04:00,73.4971199207725,74.21978415397484,72.89164005200685,74.00493621826172,5037700,0.0,0.0
2021-04-16 00:00:00-04:00,74.36626453353128,74.41508886354355,73.79008081419084,74.10258483886719,8513900,0.0,0.0
2021-04-19 00:00:00-04:00,74.39555201756694,74.92290389522135,73.64359185632884,73.97562408447266,6666900,0.0,0.0
2021-04-20 00:00:00-04:00,73.95610536142397,74.415089832799,73.57523385853902,74.13188934326172,7660800,0.0,0.0
2021-04-21 00:00:00-04:00,74.43462142629893,75.62604529861964,74.36626140660921,74.90337371826172,6222800,0.0,0.0
2021-04-22 00:00:00-04:00,75.01150561635897,75.13929833434139,73.95971305069705,74.88372039794922,5641900,0.5,0.0
2021-04-23 00:00:00-04:00,74.63797488993683,75.11963494663591,73.98920185474921,74.75593566894531,4196800,0.0,0.0
2021-04-26 00:00:00-04:00,74.90336879975357,75.00167318759948,74.31357997053736,74.46102905273438,5617600,0.0,0.0
2021-04-27 00:00:00-04:00,74.19563119664038,74.41188136410751,73.69430728664643,73.83192443847656,3766500,0.0,0.0
2021-04-28 00:00:00-04:00,74.12682870523798,74.63797709691019,73.94005934117847,74.11699676513672,3581200,0.0,0.0
2021-04-29 00:00:00-04:00,74.50035547747036,75.18844125194228,74.38239470202984,75.07048797607422,5086300,0.0,0.0
2021-04-30 00:00:00-04:00,75.13930347743548,75.81755737489377,74.93287772607225,75.09998321533203,6153400,0.0,0.0
2021-05-03 00:00:00-04:00,75.68976539686206,76.88900703554914,75.39486720717515,76.36802673339844,9558600,0.0,0.0
2021-05-04 00:00:00-04:00,77.65572602875262,79.9657366322252,77.4099800603072,79.73965454101562,19634100,0.0,0.0
2021-05-05 00:00:00-04:00,80.11318754244104,81.88256155547711,79.05156313461939,81.62698364257812,15365700,0.0,0.0
2021-05-06 00:00:00-04:00,81.23380374078606,82.32491666914295,80.3687804505567,82.27576446533203,9412600,0.0,0.0
2021-05-07 00:00:00-04:00,82.49201273136053,83.89768010450476,82.28558699818763,83.6617660522461,8206300,0.0,0.0
2021-05-10 00:00:00-04:00,84.15325374541366,85.69653819532394,83.9763163403475,84.38916778564453,7926700,0.0,0.0
2021-05-11 00:00:00-04:00,84.074614145939,84.54644973110113,82.61980213253575,82.93435668945312,7935100,0.0,0.0
2021-05-12 00:00:00-04:00,83.17027042598392,83.87802005133483,81.82357974999273,81.96119689941406,6437300,0.0,0.0
2021-05-13 00:00:00-04:00,82.18729402076937,83.34721545741714,81.70563395372962,82.8360595703125,4612100,0.0,0.0
2021-05-14 00:00:00-04:00,83.18993311933255,83.29806195916733,82.58048783979773,82.8950424194336,5738800,0.0,0.0
2021-05-17 00:00:00-04:00,82.67877688059612,83.75022573765433,82.67877688059612,83.1211166381836,4472900,0.0,0.0
2021-05-18 00:00:00-04:00,84.99862588297293,87.14153125765262,84.50713389336359,87.10221099853516,17674500,0.0,0.0
2021-05-19 00:00:00-04:00,86.994083605884,88.55702455900837,86.17820508968278,87.69200134277344,20077300,0.0,0.0
2021-05-20 00:00:00-04:00,87.70183142033434,88.2719639255426,86.856464602149,87.55438232421875,9058700,0.0,0.0
2021-05-21 00:00:00-04:00,87.77064330076236,88.66515485159195,87.59370587868126,88.28179168701172,8361500,0.0,0.0
2021-05-24 00:00:00-04:00,88.52753747118624,89.06818167609062,88.11468598720808,88.1834945678711,5639700,0.0,0.0
2021-05-25 00:00:00-04:00,88.18348972277678,88.2916185578167,87.11204081138249,87.190673828125,5894700,0.0,0.0
2021-05-26 00:00:00-04:00,87.1415303294062,87.38727632159313,83.81903971531224,85.83415985107422,14402300,0.0,0.0
2021-05-27 00:00:00-04:00,86.286329281928,86.5812274645384,84.65457983698144,84.94947052001953,8985300,0.0,0.0
2021-05-28 00:00:00-04:00,85.20505315851678,85.81450593649276,84.91015495959263,84.9691390991211,6810000,0.0,0.0
2021-06-01 00:00:00-04:00,85.0281135671812,85.09692214522953,83.81903998196312,84.4088363647461,6109800,0.0,0.0
2021-06-02 00:00:00-04:00,84.85118096259984,85.00846200681114,84.25156010579694,84.52679443359375,4105000,0.0,0.0
2021-06-03 00:00:00-04:00,84.52679774234367,85.81451196861836,84.20241870021293,85.5785903930664,4679900,0.0,0.0
2021-06-04 00:00:00-04:00,85.57858366256455,85.62773586183218,84.73321683225544,84.99862670898438,4606700,0.0,0.0
2021-06-07 00:00:00-04:00,85.17556225995878,85.64739036446616,84.72339053498399,84.86100769042969,3952400,0.0,0.0
2021-06-08 00:00:00-04:00,84.59559951234884,84.65458365127196,83.68142410455327,84.349853515625,4270300,0.0,0.0
2021-06-09 00:00:00-04:00,84.31053264743558,84.78236825755042,83.38653280613512,83.50448608398438,5782500,0.0,0.0
2021-06-10 00:00:00-04:00,84.05495980804942,84.59559648173007,83.8387021387482,84.04512786865234,4690400,0.0,0.0
2021-06-11 00:00:00-04:00,84.38917146373257,84.6644057725933,83.78955064818349,84.01564025878906,2697900,0.0,0.0
2021-06-14 00:00:00-04:00,83.72074380614579,83.74040768551336,82.1381389978234,83.18010711669922,5089600,0.0,0.0
2021-06-15 00:00:00-04:00,83.71091670161793,84.64474845339458,83.04248731627524,83.94683074951172,5473300,0.0,0.0
2021-06-16 00:00:00-04:00,84.04512745563828,84.67423658165622,83.21942454007936,83.29805755615234,5721300,0.0,0.0
2021-06-17 00:00:00-04:00,83.60279958086801,83.64211234471479,82.24627674137814,82.7967529296875,4943100,0.0,0.0
2021-06-18 00:00:00-04:00,82.09881625325194,82.2659292245268,80.92907045176209,80.99787902832031,8800800,0.0,0.0
2021-06-21 00:00:00-04:00,81.20430565716855,82.79674237459929,81.0372001836157,82.5903091430664,4531800,0.0,0.0
2021-06-22 00:00:00-04:00,82.59031398870049,82.92453245498749,82.15780611998652,82.3838882446289,3550400,0.0,0.0
2021-06-23 00:00:00-04:00,82.36422871422522,82.79674406597151,81.84324840393406,82.30525207519531,3396300,0.0,0.0
2021-06-24 00:00:00-04:00,82.47235906488713,82.56082402505464,81.40090260556437,82.34456634521484,4867000,0.0,0.0
2021-06-25 00:00:00-04:00,82.57065909873333,83.30789712640059,82.35440141068591,82.64929962158203,3743900,0.0,0.0
2021-06-28 00:00:00-04:00,82.24626660730873,82.79674272779053,81.69579798639943,82.68861389160156,4194700,0.0,0.0
2021-06-29 00:00:00-04:00,83.18010497704996,83.6814213944386,81.99069529137567,82.06932830810547,4926800,0.0,0.0
2021-06-30 00:00:00-04:00,81.8432499579078,82.25610143810128,81.43039097814157,82.02018737792969,5038900,0.0,0.0
2021-07-01 00:00:00-04:00,82.28558980094968,82.30525368072497,80.56536779967657,80.8209457397461,9737600,0.0,0.0
2021-07-02 00:00:00-04:00,80.76196427365822,81.31243288130925,80.07387101452214,81.0273666381836,5591400,0.0,0.0
2021-07-06 00:00:00-04:00,80.73246914314893,80.73246914314893,78.88446201631983,79.79863739013672,6544400,0.0,0.0
2021-07-07 00:00:00-04:00,79.58238612704095,80.97822164901011,79.0712377315216,79.95591735839844,6878900,0.0,0.0
2021-07-08 00:00:00-04:00,79.21867976188618,79.49392159126161,78.4224650935902,78.85498046875,5417000,0.0,0.0
2021-07-09 00:00:00-04:00,79.5332444703455,80.29013890221442,79.49392420771196,79.93626403808594,3471900,0.0,0.0
2021-07-12 00:00:00-04:00,79.51357422456137,80.71281589038401,79.06140248982987,80.42774963378906,4014200,0.0,0.0
2021-07-13 00:00:00-04:00,80.61451253400635,80.93889152453109,80.13284501856367,80.27046966552734,3083400,0.0,0.0
2021-07-14 00:00:00-04:00,80.55553629525627,81.28294985941926,80.17217313286599,81.01753997802734,6308200,0.0,0.0
2021-07-15 00:00:00-04:00,80.3687698071733,80.96839061630553,80.12302381981,80.67349243164062,3622600,0.0,0.0
2021-07-16 00:00:00-04:00,80.78162424814036,81.10601076333218,80.04438625883496,80.32945251464844,5462600,0.0,0.0
2021-07-19 00:00:00-04:00,79.73965713281082,80.16234051225838,78.20619714016021,79.29730987548828,5135300,0.0,0.0
2021-07-20 00:00:00-04:00,79.51357725016787,81.47954530184629,79.42511228763736,80.40809631347656,6382500,0.0,0.0
2021-07-21 00:00:00-04:00,81.0371993422266,81.81375756367538,80.65383620119869,81.64664459228516,6804500,0.0,0.0
2021-07-22 00:00:00-04:00,81.79499050079826,81.90377419053812,81.02362073354604,81.71587371826172,4675000,0.5,0.0
2021-07-23 00:00:00-04:00,82.08178331950599,82.70481100681849,81.87410742373515,82.34879302978516,4090800,0.0,0.0
2021-07-26 00:00:00-04:00,82.50703425163755,83.34762939680859,81.80488971649505,81.95323181152344,4784100,0.0,0.0
2021-07-27 00:00:00-04:00,81.63676849949242,82.77404023822588,81.3994181401986,82.71470642089844,4298000,0.0,0.0
2021-07-28 00:00:00-04:00,82.70481491471934,82.80371467022859,81.5873186003899,82.37847137451172,3281900,0.0,0.0
2021-07-29 00:00:00-04:00,83.06083280276793,83.21906637538754,81.8840026726257,82.14112091064453,4284700,0.0,0.0
2021-07-30 00:00:00-04:00,82.04222860449852,82.54658868539482,81.22140892372437,81.44886779785156,5996300,0.0,0.0
2021-08-02 00:00:00-04:00,81.44886402846318,82.00266641637187,81.112621475096,81.4983139038086,4679000,0.0,0.0
2021-08-03 00:00:00-04:00,81.84444447651843,83.23884199987376,80.73683210049057,83.07072448730469,7620300,0.0,0.0
2021-08-04 00:00:00-04:00,79.36220584264719,82.27956740079767,79.12486304057524,80.6478271484375,14338400,0.0,0.0
2021-08-05 00:00:00-04:00,80.45992632065278,80.84561120168534,78.45238513348542,79.16442108154297,11322500,0.0,0.0
2021-08-06 00:00:00-04:00,79.62921544898373,80.82583603182306,79.26331353480211,80.35114288330078,7020900,0.0,0.0
2021-08-09 00:00:00-04:00,80.30169311831544,81.01372906957992,79.9258997195888,80.74671936035156,4570300,0.0,0.0
2021-08-10 00:00:00-04:00,80.74671594278838,82.38834760984105,80.33136417046087,82.31912231445312,5908400,0.0,0.0
2021-08-11 00:00:00-04:00,82.63558609080349,84.20800008747908,82.63558609080349,84.01020812988281,7758200,0.0,0.0
2021-08-12 00:00:00-04:00,84.26733778989741,84.55413048289927,83.26850910668293,84.19811248779297,6540500,0.0,0.0
2021-08-13 00:00:00-04:00,84.30688834567488,84.5442311386839,83.29817581664305,83.4267349243164,3659700,0.0,0.0
2021-08-16 00:00:00-04:00,83.3377306883618,84.55412670817043,82.94216186256257,84.44534301757812,4502400,0.0,0.0
2021-08-17 00:00:00-04:00,84.17833356316127,85.77052299034628,84.10910826393548,85.51339721679688,6132600,0.0,0.0
2021-08-18 00:00:00-04:00,85.33538774881917,85.57273055269411,83.59485624875576,83.65419006347656,4501600,0.0,0.0
2021-08-19 00:00:00-04:00,83.03116237024966,83.99043261481587,82.60591909312211,83.29817962646484,5192200,0.0,0.0
2021-08-20 00:00:00-04:00,83.16961305326367,84.02999109251857,82.8135950746059,83.91131591796875,3992700,0.0,0.0
2021-08-23 00:00:00-04:00,84.44534667950195,84.89036540031994,83.57508466201682,83.6640853881836,3708400,0.0,0.0
2021-08-24 00:00:00-04:00,83.5552976932128,83.57508066140869,82.85315322209239,82.88282012939453,3269900,0.0,0.0
2021-08-25 00:00:00-04:00,82.65537640932376,83.2586287299021,82.04223260373806,82.6454849243164,3158500,0.0,0.0
2021-08-26 00:00:00-04:00,82.86304454042742,82.86304454042742,81.57742322996702,82.1114501953125,3914400,0.0,0.0
2021-08-27 00:00:00-04:00,82.39825062644636,82.85316085195214,82.12134940613782,82.783935546875,3903100,0.0,0.0
2021-08-30 00:00:00-04:00,83.01139076131776,83.75309365934241,82.48725525391238,83.6640853881836,5480000,0.0,0.0
2021-08-31 00:00:00-04:00,83.83219948486058,85.91885748987346,83.67397346312539,85.43428039550781,8277300,0.0,0.0
2021-09-01 00:00:00-04:00,85.14748756029829,85.25627125097803,82.9619373525365,84.76180267333984,6689100,0.0,0.0
2021-09-02 00:00:00-04:00,84.80136510101183,86.53200520511412,84.78158967676146,85.99797821044922,5223300,0.0,0.0
2021-09-03 00:00:00-04:00,86.14631661351764,86.81879418413541,85.67162345690849,86.50233459472656,4936900,0.0,0.0
2021-09-07 00:00:00-04:00,86.23531330578795,86.43310525554378,84.91014119488531,85.62217712402344,4626200,0.0,0.0
2021-09-08 00:00:00-04:00,85.38483432235014,85.66174307645464,84.34645478817856,85.26616668701172,3553200,0.0,0.0
2021-09-09 00:00:00-04:00,84.96947855429812,85.0881537291056,84.26733407958518,84.46512603759766,4076300,0.0,0.0
2021-09-10 00:00:00-04:00,84.8508105237037,84.86069446281385,82.43780146229092,82.86304473876953,6454400,0.0,0.0
2021-09-13 00:00:00-04:00,83.20917140895473,84.24755843709144,83.090496234456,83.57508087158203,4495200,0.0,0.0
2021-09-14 00:00:00-04:00,84.10910766684354,84.12888309005692,82.75426105448051,82.9619369506836,3882400,0.0,0.0
2021-09-15 00:00:00-04:00,82.93227416760489,85.02882374709434,82.73448974566848,84.59368896484375,6352400,0.0,0.0
2021-09-16 00:00:00-04:00,85.02881984291092,85.37494633790293,83.63441483381092,84.4057846069336,4169200,0.0,0.0
2021-09-17 00:00:00-04:00,84.04976670363813,84.88047783736019,83.90142462136721,84.56401824951172,8731800,0.0,0.0
2021-09-20 00:00:00-04:00,83.6937523304515,84.50468053081714,82.6454813152206,83.6443099975586,5337000,0.0,0.0
2021-09-21 00:00:00-04:00,84.0102079352613,84.67280156043418,82.91248709436807,83.00149536132812,5052900,0.0,0.0
2021-09-22 00:00:00-04:00,83.58496849074633,83.9508779694837,82.88282398694655,82.9322738647461,3919200,0.0,0.0
2021-09-23 00:00:00-04:00,83.20917525277454,84.67280562590399,82.9421655290576,83.92121124267578,3875700,0.0,0.0
2021-09-24 00:00:00-04:00,84.04976649095292,84.39589298538137,83.56518939875309,83.77286529541016,2888300,0.0,0.0
2021-09-27 00:00:00-04:00,83.57507733830496,85.4837262637659,83.57507733830496,84.79146575927734,5255100,0.0,0.0
2021-09-28 00:00:00-04:00,84.70247271217686,85.38483424976899,84.29700483846972,84.71236419677734,6257800,0.0,0.0
2021-09-29 00:00:00-04:00,84.58379394052754,86.28476705996859,84.49479321787834,85.8298568725586,4827000,0.0,0.0
2021-09-30 00:00:00-04:00,86.13642845404136,86.56167175106616,83.85198594060161,83.92121124267578,6024800,0.0,0.0
2021-10-01 00:00:00-04:00,83.86187342392276,83.97065711413356,81.44886436105301,83.13994598388672,6888400,0.0,0.0
2021-10-04 00:00:00-04:00,83.07072060229707,84.52445942003594,82.19056714237206,82.88282012939453,4768000,0.0,0.0
2021-10-05 00:00:00-04:00,83.04105750618342,83.950877915167,82.55648039302791,82.71470642089844,4848600,0.0,0.0
2021-10-06 00:00:00-04:00,82.08179096156702,82.52680970179544,80.87528632095726,82.23013305664062,5205100,0.0,0.0
2021-10-07 00:00:00-04:00,82.43779773454818,83.72341898995155,82.43779773454818,83.26850128173828,4262000,0.0,0.0
2021-10-08 00:00:00-04:00,83.56518936261507,83.80253216655026,82.93227018879341,83.43663024902344,2990600,0.0,0.0
2021-10-11 00:00:00-04:00,83.68386830270278,84.37612132241044,83.1003914332417,83.34762573242188,3283400,0.0,0.0
2021-10-12 00:00:00-04:00,83.33773034577395,83.73330671493875,82.63558587437747,82.86304473876953,2916200,0.0,0.0
2021-10-13 00:00:00-04:00,82.65537256302554,82.6850394716747,81.29063440522759,82.24002075195312,4261900,0.0,0.0
2021-10-14 00:00:00-04:00,83.40695958696492,84.50468047941301,82.00267057779435,83.62452697753906,7284600,0.0,0.0
2021-10-15 00:00:00-04:00,84.08932888322703,85.33539186744584,84.00032815685029,84.89036560058594,5449000,0.0,0.0
2021-10-18 00:00:00-04:00,84.80135696290144,84.80135696290144,83.18939219397262,83.54541015625,4822100,0.0,0.0
2021-10-19 00:00:00-04:00,84.02999111166451,84.36622612214474,83.68386461705497,83.95087432861328,3833000,0.0,0.0
2021-10-20 00:00:00-04:00,84.15855063207148,85.86941523511169,84.05965842527539,85.59251403808594,5023300,0.0,0.0
2021-10-21 00:00:00-04:00,85.3836196679978,86.42804027664539,85.25431355759173,86.39820098876953,5347200,0.5,0.0
2021-10-22 00:00:00-04:00,86.02023098481573,87.12432266968027,85.78150148483657,87.05469512939453,5035900,0.0,0.0
2021-10-25 00:00:00-04:00,87.2536325475656,87.53214269647758,86.55734958645327,87.2138442993164,5774100,0.0,0.0
2021-10-26 00:00:00-04:00,87.52219362300066,88.16873937574974,86.12963529142554,87.8504409790039,6215300,0.0,0.0
2021-10-27 00:00:00-04:00,88.05932145592435,88.30799230950544,87.23373240071538,87.62165832519531,5211500,0.0,0.0
2021-10-28 00:00:00-04:00,87.93001791554047,88.36767347023647,87.43267619383361,88.14884948730469,4394600,0.0,0.0
2021-10-29 00:00:00-04:00,87.80070360277415,89.05400685766584,87.59182099176427,88.80533599853516,5335600,0.0,0.0
2021-11-01 00:00:00-04:00,89.29272641530794,90.63555509045557,89.10374172773192,90.16805267333984,7682500,0.0,0.0
2021-11-02 00:00:00-04:00,90.4366171123177,90.96379812462044,89.70055348696101,90.66539764404297,6950900,0.0,0.0
2021-11-03 00:00:00-04:00,92.01816520908717,96.05657746147276,91.7098081888163,95.82779693603516,16938000,0.0,0.0
2021-11-04 00:00:00-04:00,95.76811695589805,95.7880148737309,93.5400282550435,93.98763275146484,7417800,0.0,0.0
2021-11-05 00:00:00-04:00,94.1766268159681,95.37024388832386,92.5055583613707,93.28141021728516,7437300,0.0,0.0
2021-11-08 00:00:00-05:00,93.50024228372119,94.08710186392632,92.92332407384231,93.26152038574219,3982100,0.0,0.0
2021-11-09 00:00:00-05:00,93.38087867033526,93.47040412618095,92.06789683231362,92.26683807373047,4446700,0.0,0.0
2021-11-10 00:00:00-05:00,92.79402190282099,93.89812116253023,91.92864455123377,92.46577453613281,4966600,0.0,0.0
2021-11-11 00:00:00-05:00,92.18726482991335,94.02742774216156,92.04800975042426,93.7091293334961,4273000,0.0,0.0
2021-11-12 00:00:00-05:00,94.07716186065636,94.8331158133802,92.85369788667494,93.52013397216797,3792500,0.0,0.0
2021-11-15 00:00:00-05:00,93.6096568893692,93.79864916684056,92.93327186291783,92.99295043945312,3602100,0.0,0.0
2021-11-16 00:00:00-05:00,93.43061270599699,93.66933459876039,92.3265135173221,92.3961410522461,4038600,0.0,0.0
2021-11-17 00:00:00-05:00,92.13752509581008,92.56523928218698,91.59045375247473,92.23699951171875,3878200,0.0,0.0
2021-11-18 00:00:00-05:00,92.56523761662982,95.1713109365962,92.24693922241373,94.83311462402344,8619700,0.0,0.0
2021-11-19 00:00:00-05:00,94.55460342442301,94.55460342442301,91.82917298000498,92.66471099853516,6446000,0.0,0.0
2021-11-22 00:00:00-05:00,92.60502888617954,93.95779900294636,92.45582484896521,92.49561309814453,4334600,0.0,0.0
2021-11-23 00:00:00-05:00,92.61497748916109,93.94784968179107,91.70981189868913,93.14215850830078,6625500,0.0,0.0
2021-11-24 00:00:00-05:00,92.77412382072603,93.34109309454051,91.729710731506,92.15742492675781,6109400,0.0,0.0
2021-11-26 00:00:00-05:00,90.98369475912995,91.75954662204627,90.41672550631938,91.0334243774414,4241000,0.0,0.0
2021-11-29 00:00:00-05:00,91.50093005833017,92.22705232875404,90.60571341973657,91.53076934814453,5215600,0.0,0.0
2021-11-30 00:00:00-05:00,90.78475150085933,91.17268501252443,88.43730563474585,88.58650207519531,9051700,0.0,0.0
2021-12-01 00:00:00-05:00,89.70055705514648,90.57587579069165,88.29804969749514,88.30799865722656,6223500,0.0,0.0
2021-12-02 00:00:00-05:00,88.65613018735374,90.69523422686545,88.33783179760302,89.51155853271484,5992700,0.0,0.0
2021-12-03 00:00:00-05:00,90.1581060672239,91.10305229626083,89.63092506015072,90.38688659667969,5660200,0.0,0.0
2021-12-06 00:00:00-05:00,91.14284353856394,92.94322577798009,91.10305528914137,92.15742492675781,6039400,0.0,0.0
2021-12-07 00:00:00-05:00,92.51551247373261,92.9531680439306,92.14747685465385,92.4359359741211,3965700,0.0,0.0
2021-12-08 00:00:00-05:00,92.83380677416544,93.7887019607383,91.99826874289396,92.60502624511719,5767900,0.0,0.0
2021-12-09 00:00:00-05:00,94.3457203957745,97.25019414627913,93.68923328806174,96.79264068603516,14096800,0.0,0.0
2021-12-10 00:00:00-05:00,97.1805675761877,98.60296517733322,96.53402942107525,98.33440399169922,9217300,0.0,0.0
2021-12-13 00:00:00-05:00,98.45376777871795,98.8019054562826,97.39939819816647,98.37419128417969,4986100,0.0,0.0
2021-12-14 00:00:00-05:00,98.94116341168274,100.4331885780264,98.10562537233743,98.25482940673828,6282700,0.0,0.0
2021-12-15 00:00:00-05:00,98.25483263191961,100.10494450602164,97.81716947366628,100.01542663574219,7052700,0.0,0.0
2021-12-16 00:00:00-05:00,99.98557889631869,101.6765453457602,99.70706873940264,100.6818618774414,7360800,0.0,0.0
2021-12-17 00:00:00-05:00,100.84100505051963,101.09962487142201,98.76212029046218,99.82643127441406,9409800,0.0,0.0
2021-12-20 00:00:00-05:00,99.37882771125001,99.93584801806954,98.11557547264248,99.7866439819336,5233100,0.0,0.0
2021-12-21 00:00:00-05:00,100.25414276123047,100.90068850166654,99.88610716403893,100.25414276123047,5040000,0.0,0.0
2021-12-22 00:00:00-05:00,100.2243084590474,100.78132877324839,99.49818618760747,100.36356353759766,4318200,0.0,0.0
2021-12-23 00:00:00-05:00,100.53265566112572,101.32840545407181,100.53265566112572,100.77137756347656,3111000,0.0,0.0
2021-12-27 00:00:00-05:00,101.21898641256735,101.87547352012733,101.02004517631265,101.85558319091797,2596600,0.0,0.0
2021-12-28 00:00:00-05:00,101.95505635410844,102.70106896157753,101.8158012744875,102.22361755371094,2732400,0.0,0.0
2021-12-29 00:00:00-05:00,102.55185785475742,103.28792145185984,102.48223031974545,103.14866638183594,2782500,0.0,0.0
2021-12-30 00:00:00-05:00,103.4371259798575,104.00409522164219,102.89999602624586,103.12877655029297,2484500,0.0,0.0
2021-12-31 00:00:00-05:00,102.92984778109182,103.20835793568187,102.58170249902172,102.6115493774414,3251600,0.0,0.0
2022-01-03 00:00:00-05:00,102.26340296225045,103.78526742499218,101.75611986722485,103.60623168945312,4951000,0.0,0.0
2022-01-04 00:00:00-05:00,103.89468006880033,104.8794221174727,103.2481419175797,103.73553466796875,6089800,0.0,0.0
2022-01-05 00:00:00-05:00,103.7653755896072,105.9337857804984,103.7653755896072,105.24745178222656,6957500,0.0,0.0
2022-01-06 00:00:00-05:00,104.80979727302461,105.17782529061607,101.8655351881308,102.04457092285156,9847600,0.0,0.0
2022-01-07 00:00:00-05:00,101.90531559840782,104.23287879890445,100.7912750002092,103.63607025146484,6862200,0.0,0.0
2022-01-10 00:00:00-05:00,103.65596253171485,104.66059495192238,102.6413887408595,104.5014419555664,6105500,0.0,0.0
2022-01-11 00:00:00-05:00,105.50607372545984,106.68974946485565,104.70038255566337,105.47623443603516,8694200,0.0,0.0
2022-01-12 00:00:00-05:00,104.90926378179802,105.88404930465293,104.53127921720201,105.21761322021484,4933700,0.0,0.0
2022-01-13 00:00:00-05:00,104.69043513334131,105.40660844537881,103.6261241248502,104.77995300292969,6511000,0.0,0.0
2022-01-14 00:00:00-05:00,105.14798277154361,105.90394429097225,104.47159774654583,105.6552734375,6706700,0.0,0.0
2022-01-18 00:00:00-05:00,105.23751114144511,105.57569986890017,103.46696824103644,103.9543685913086,8109300,0.0,0.0
2022-01-19 00:00:00-05:00,104.39202672493273,105.19772549282796,102.87016223611104,102.9000015258789,7286600,0.0,0.0
2022-01-20 00:00:00-05:00,102.66000366210938,103.88999938964844,102.23999786376953,102.38999938964844,6694700,0.55,0.0
2022-01-21 00:00:00-05:00,102.93000030517578,103.41999816894531,101.0,101.55999755859375,7822800,0.0,0.0
2022-01-24 00:00:00-05:00,100.9000015258789,104.06999969482422,99.69000244140625,103.51000213623047,13768700,0.0,0.0
2022-01-25 00:00:00-05:00,102.47000122070312,103.41000366210938,100.9000015258789,103.0999984741211,7472300,0.0,0.0
2022-01-26 00:00:00-05:00,103.5999984741211,105.31999969482422,103.23999786376953,104.86000061035156,10827900,0.0,0.0
2022-01-27 00:00:00-05:00,105.37999725341797,107.61000061035156,105.0,106.79000091552734,12385100,0.0,0.0
2022-01-28 00:00:00-05:00,106.68000030517578,109.33999633789062,106.16000366210938,109.2699966430664,10339500,0.0,0.0
2022-01-31 00:00:00-05:00,108.22000122070312,108.5,105.43000030517578,106.51000213623047,8540100,0.0,0.0
2022-02-01 00:00:00-05:00,106.2699966430664,107.18000030517578,105.20999908447266,106.2699966430664,7040200,0.0,0.0
2022-02-02 00:00:00-05:00,105.81999969482422,109.06999969482422,105.62999725341797,108.9000015258789,8771800,0.0,0.0
2022-02-03 00:00:00-05:00,109.94999694824219,110.1500015258789,108.22000122070312,108.72000122070312,6612800,0.0,0.0
2022-02-04 00:00:00-05:00,107.58000183105469,109.5199966430664,107.1500015258789,108.48999786376953,5473000,0.0,0.0
2022-02-07 00:00:00-05:00,108.98999786376953,109.81999969482422,107.91000366210938,109.41000366210938,5450500,0.0,0.0
2022-02-08 00:00:00-05:00,108.88999938964844,111.25,108.87999725341797,110.83000183105469,7793400,0.0,0.0
2022-02-09 00:00:00-05:00,106.45999908447266,108.2699966430664,104.12000274658203,104.79000091552734,15269800,0.0,0.0
2022-02-10 00:00:00-05:00,104.5999984741211,106.63999938964844,104.45999908447266,105.31999969482422,8605700,0.0,0.0
2022-02-11 00:00:00-05:00,105.48999786376953,106.13999938964844,104.08000183105469,104.23999786376953,5923100,0.0,0.0
2022-02-14 00:00:00-05:00,104.06999969482422,104.1500015258789,102.02999877929688,103.0,7663400,0.0,0.0
2022-02-15 00:00:00-05:00,103.86000061035156,104.5199966430664,102.52999877929688,102.97000122070312,4441300,0.0,0.0
2022-02-16 00:00:00-05:00,103.05000305175781,104.23999786376953,102.83000183105469,103.94000244140625,5623900,0.0,0.0
2022-02-17 00:00:00-05:00,103.6500015258789,103.94000244140625,102.05999755859375,102.30000305175781,4635600,0.0,0.0
2022-02-18 00:00:00-05:00,102.55000305175781,102.98999786376953,101.22000122070312,102.12999725341797,4850700,0.0,0.0
2022-02-22 00:00:00-05:00,102.16000366210938,102.77999877929688,101.02999877929688,101.91999816894531,4776700,0.0,0.0
2022-02-23 00:00:00-05:00,102.54000091552734,103.4800033569336,101.97000122070312,102.23999786376953,4947700,0.0,0.0
2022-02-24 00:00:00-05:00,100.26000213623047,100.94999694824219,98.45999908447266,100.7699966430664,7055300,0.0,0.0
2022-02-25 00:00:00-05:00,101.4000015258789,104.86000061035156,101.19000244140625,104.30000305175781,6573400,0.0,0.0
2022-02-28 00:00:00-05:00,101.29000091552734,103.7300033569336,101.29000091552734,103.6500015258789,6678100,0.0,0.0
2022-03-01 00:00:00-05:00,103.20999908447266,103.5,100.95999908447266,102.05000305175781,5642900,0.0,0.0
2022-03-02 00:00:00-05:00,103.01000213623047,105.02999877929688,101.94999694824219,104.43000030517578,5031700,0.0,0.0
2022-03-03 00:00:00-05:00,104.48999786376953,105.70999908447266,103.4800033569336,104.54000091552734,5741900,0.0,0.0
2022-03-04 00:00:00-05:00,102.70999908447266,105.27999877929688,102.06999969482422,105.19000244140625,5347300,0.0,0.0
2022-03-07 00:00:00-05:00,104.48999786376953,106.80999755859375,103.73999786376953,104.55999755859375,6424200,0.0,0.0
2022-03-08 00:00:00-05:00,105.06999969482422,105.87000274658203,102.25,102.36000061035156,6801100,0.0,0.0
2022-03-09 00:00:00-05:00,104.54000091552734,104.93000030517578,102.37000274658203,103.5999984741211,4936900,0.0,0.0
2022-03-10 00:00:00-05:00,103.0999984741211,104.26000213623047,102.56999969482422,104.08000183105469,3595000,0.0,0.0
2022-03-11 00:00:00-05:00,104.16999816894531,105.18000030517578,103.38999938964844,103.47000122070312,4799000,0.0,0.0
2022-03-14 00:00:00-04:00,103.93000030517578,104.58999633789062,101.08999633789062,104.48999786376953,5750300,0.0,0.0
2022-03-15 00:00:00-04:00,105.0,107.44999694824219,104.58999633789062,106.9800033569336,6845100,0.0,0.0
2022-03-16 00:00:00-04:00,107.0,107.31999969482422,105.5,107.11000061035156,5183000,0.0,0.0
2022-03-17 00:00:00-04:00,106.6500015258789,108.63999938964844,105.72000122070312,108.55999755859375,5583100,0.0,0.0
2022-03-18 00:00:00-04:00,108.5,108.62000274658203,106.55000305175781,107.30000305175781,7129700,0.0,0.0
2022-03-21 00:00:00-04:00,107.77999877929688,109.69000244140625,106.87000274658203,107.38999938964844,4673800,0.0,0.0
2022-03-22 00:00:00-04:00,108.0,108.19999694824219,106.33000183105469,107.2300033569336,3305700,0.0,0.0
2022-03-23 00:00:00-04:00,107.4800033569336,107.7699966430664,106.1500015258789,106.19999694824219,3182400,0.0,0.0
2022-03-24 00:00:00-04:00,106.4000015258789,108.06999969482422,106.05999755859375,108.05000305175781,3618100,0.0,0.0
2022-03-25 00:00:00-04:00,107.75,108.87000274658203,107.33999633789062,108.55999755859375,3788800,0.0,0.0
2022-03-28 00:00:00-04:00,108.0,108.25,106.91999816894531,108.04000091552734,3774400,0.0,0.0
2022-03-29 00:00:00-04:00,106.79000091552734,107.29000091552734,103.91000366210938,104.68000030517578,8510700,0.0,0.0
2022-03-30 00:00:00-04:00,104.0999984741211,105.36000061035156,102.31999969482422,103.55000305175781,7971600,0.0,0.0
2022-03-31 00:00:00-04:00,102.0,102.7699966430664,101.18000030517578,101.20999908447266,8521100,0.0,0.0
2022-04-01 00:00:00-04:00,101.20999908447266,102.19000244140625,100.30000305175781,101.08999633789062,6344300,0.0,0.0
2022-04-04 00:00:00-04:00,100.48999786376953,100.54000091552734,98.66000366210938,100.0,6951500,0.0,0.0
2022-04-05 00:00:00-04:00,99.33999633789062,101.27999877929688,99.18000030517578,99.45999908447266,7124900,0.0,0.0
2022-04-06 00:00:00-04:00,99.97000122070312,102.29000091552734,99.69000244140625,102.05999755859375,6590200,0.0,0.0
2022-04-07 00:00:00-04:00,101.95999908447266,103.98999786376953,101.2699966430664,103.61000061035156,5731600,0.0,0.0
2022-04-08 00:00:00-04:00,104.4000015258789,107.5199966430664,103.55999755859375,106.61000061035156,7756100,0.0,0.0
2022-04-11 00:00:00-04:00,106.36000061035156,107.7300033569336,104.16999816894531,104.44999694824219,6368600,0.0,0.0
2022-04-12 00:00:00-04:00,104.4000015258789,105.02999877929688,103.76000213623047,104.63999938964844,4127900,0.0,0.0
2022-04-13 00:00:00-04:00,104.4000015258789,105.80000305175781,103.19999694824219,104.9800033569336,3768300,0.0,0.0
2022-04-14 00:00:00-04:00,105.30999755859375,105.75,103.61000061035156,103.68000030517578,5134800,0.0,0.0
2022-04-18 00:00:00-04:00,103.37999725341797,104.48999786376953,102.9800033569336,103.41999816894531,3003400,0.0,0.0
2022-04-19 00:00:00-04:00,103.5999984741211,104.41000366210938,102.94999694824219,103.86000061035156,3615300,0.0,0.0
2022-04-20 00:00:00-04:00,104.9000015258789,107.5999984741211,104.58000183105469,106.63999938964844,5629800,0.0,0.0
2022-04-21 00:00:00-04:00,106.0999984741211,106.4000015258789,104.87000274658203,105.18000030517578,3386100,0.0,0.0
2022-04-22 00:00:00-04:00,104.2699966430664,104.30999755859375,101.56999969482422,101.68000030517578,5779200,0.0,0.0
2022-04-25 00:00:00-04:00,101.83999633789062,102.38999938964844,99.20999908447266,101.7699966430664,4957500,0.0,0.0
2022-04-26 00:00:00-04:00,101.11000061035156,102.91000366210938,101.04000091552734,101.43000030517578,3929000,0.0,0.0
2022-04-27 00:00:00-04:00,101.20999908447266,102.33000183105469,99.73999786376953,100.8499984741211,4730800,0.0,0.0
2022-04-28 00:00:00-04:00,101.73999786376953,102.5999984741211,100.37000274658203,100.8499984741211,5907500,0.0,0.0
2022-04-29 00:00:00-04:00,100.27999877929688,100.44000244140625,95.88999938964844,96.12999725341797,8778300,0.0,0.0
2022-05-02 00:00:00-04:00,96.44999694824219,97.31999969482422,95.0199966430664,96.5,6520200,0.0,0.0
2022-05-03 00:00:00-04:00,97.11000061035156,97.7300033569336,95.93000030517578,95.9800033569336,5894400,0.0,0.0
2022-05-04 00:00:00-04:00,96.77999877929688,101.20999908447266,95.52999877929688,100.56999969482422,9361200,0.0,0.0
2022-05-05 00:00:00-04:00,100.61000061035156,100.61000061035156,96.5,97.7300033569336,8236300,0.0,0.0
2022-05-06 00:00:00-04:00,97.30999755859375,100.93000030517578,97.19000244140625,100.69000244140625,8220400,0.0,0.0
2022-05-09 00:00:00-04:00,99.58000183105469,100.1500015258789,98.37000274658203,98.86000061035156,7147000,0.0,0.0
2022-05-10 00:00:00-04:00,99.41000366210938,100.0999984741211,97.72000122070312,98.16000366210938,5221800,0.0,0.0
2022-05-11 00:00:00-04:00,98.23999786376953,99.87000274658203,97.87999725341797,97.98999786376953,4667200,0.0,0.0
2022-05-12 00:00:00-04:00,97.44000244140625,98.26000213623047,96.29000091552734,98.25,4919400,0.0,0.0
2022-05-13 00:00:00-04:00,98.41000366210938,98.62000274658203,96.58000183105469,97.4800033569336,4502300,0.0,0.0
2022-05-16 00:00:00-04:00,98.0,99.3499984741211,97.08000183105469,98.55000305175781,3438600,0.0,0.0
2022-05-17 00:00:00-04:00,98.88999938964844,99.52999877929688,97.91999816894531,99.37999725341797,4160200,0.0,0.0
2022-05-18 00:00:00-04:00,98.43000030517578,98.43000030517578,92.93000030517578,94.0199966430664,8246800,0.0,0.0
2022-05-19 00:00:00-04:00,93.02999877929688,93.68000030517578,91.47000122070312,93.13999938964844,7000000,0.0,0.0
2022-05-20 00:00:00-04:00,93.27999877929688,95.2300033569336,92.73999786376953,94.93000030517578,5194200,0.0,0.0
2022-05-23 00:00:00-04:00,96.0,97.06999969482422,94.9800033569336,95.56999969482422,6136200,0.0,0.0
2022-05-24 00:00:00-04:00,96.0999984741211,97.01000213623047,94.79000091552734,96.44999694824219,3959200,0.0,0.0
2022-05-25 00:00:00-04:00,97.05000305175781,98.04000091552734,96.52999877929688,97.1500015258789,3603600,0.0,0.0
2022-05-26 00:00:00-04:00,97.83999633789062,98.87000274658203,97.62999725341797,97.80000305175781,4779100,0.0,0.0
2022-05-27 00:00:00-04:00,96.44999694824219,98.0999984741211,95.76000213623047,98.05000305175781,4318000,0.0,0.0
2022-05-31 00:00:00-04:00,97.5,98.16000366210938,96.41999816894531,96.75,9286800,0.0,0.0
2022-06-01 00:00:00-04:00,97.37999725341797,97.7699966430664,95.16999816894531,96.54000091552734,4410400,0.0,0.0
2022-06-02 00:00:00-04:00,96.62000274658203,97.27999877929688,94.52999877929688,97.2300033569336,4175600,0.0,0.0
2022-06-03 00:00:00-04:00,96.91999816894531,97.13999938964844,94.70999908447266,94.9000015258789,4312700,0.0,0.0
2022-06-06 00:00:00-04:00,95.30999755859375,96.30999755859375,94.61000061035156,95.72000122070312,3925100,0.0,0.0
2022-06-07 00:00:00-04:00,94.66999816894531,96.13999938964844,94.20999908447266,95.91999816894531,4852400,0.0,0.0
2022-06-08 00:00:00-04:00,95.2699966430664,95.29000091552734,93.5,93.87999725341797,3778300,0.0,0.0
2022-06-09 00:00:00-04:00,93.83000183105469,94.66999816894531,92.72000122070312,92.73999786376953,4153500,0.0,0.0
2022-06-10 00:00:00-04:00,91.5199966430664,94.01000213623047,91.3499984741211,93.16999816894531,4488600,0.0,0.0
2022-06-13 00:00:00-04:00,91.68000030517578,92.88999938964844,90.44000244140625,90.88999938964844,4756900,0.0,0.0
2022-06-14 00:00:00-04:00,91.0999984741211,91.94999694824219,89.94999694824219,90.63999938964844,4789100,0.0,0.0
2022-06-15 00:00:00-04:00,90.91000366210938,92.23999786376953,90.13999938964844,91.44999694824219,4177100,0.0,0.0
2022-06-16 00:00:00-04:00,90.04000091552734,90.5999984741211,89.08999633789062,89.8499984741211,5914400,0.0,0.0
2022-06-17 00:00:00-04:00,90.25,91.08000183105469,88.41999816894531,88.66000366210938,8393800,0.0,0.0
2022-06-21 00:00:00-04:00,90.44000244140625,91.73999786376953,89.38999938964844,91.08000183105469,4998500,0.0,0.0
2022-06-22 00:00:00-04:00,90.62000274658203,92.87999725341797,90.30000305175781,91.29000091552734,4658600,0.0,0.0
2022-06-23 00:00:00-04:00,91.5199966430664,92.97000122070312,91.30999755859375,92.37000274658203,4665400,0.0,0.0
2022-06-24 00:00:00-04:00,93.04000091552734,94.77999877929688,92.30999755859375,94.5199966430664,6106200,0.0,0.0
2022-06-27 00:00:00-04:00,94.5,94.98999786376953,94.0999984741211,94.54000091552734,4687200,0.0,0.0
2022-06-28 00:00:00-04:00,94.93000030517578,95.94999694824219,92.94000244140625,93.19999694824219,4900100,0.0,0.0
2022-06-29 00:00:00-04:00,93.48999786376953,94.25,93.11000061035156,93.3499984741211,3562400,0.0,0.0
2022-06-30 00:00:00-04:00,92.77999877929688,93.36000061035156,92.0,92.66000366210938,6336200,0.0,0.0
2022-07-01 00:00:00-04:00,92.80999755859375,94.0999984741211,91.55000305175781,93.94000244140625,5215100,0.0,0.0
2022-07-05 00:00:00-04:00,92.80999755859375,93.19999694824219,90.58000183105469,92.52999877929688,4763700,0.0,0.0
2022-07-06 00:00:00-04:00,92.30999755859375,93.81999969482422,92.25,93.19000244140625,3146100,0.0,0.0
2022-07-07 00:00:00-04:00,93.66999816894531,94.45999908447266,93.30999755859375,93.7300033569336,3536400,0.0,0.0
2022-07-08 00:00:00-04:00,93.68000030517578,95.41000366210938,93.5999984741211,94.18000030517578,3465000,0.0,0.0
2022-07-11 00:00:00-04:00,93.70999908447266,95.36000061035156,93.70999908447266,94.70999908447266,3255900,0.0,0.0
2022-07-12 00:00:00-04:00,94.41000366210938,96.33999633789062,94.26000213623047,94.9800033569336,5602000,0.0,0.0
2022-07-13 00:00:00-04:00,94.13999938964844,94.88999938964844,93.06999969482422,93.44999694824219,3840400,0.0,0.0
2022-07-14 00:00:00-04:00,91.62000274658203,92.9800033569336,90.98999786376953,92.83000183105469,3715500,0.0,0.0
2022-07-15 00:00:00-04:00,94.30999755859375,95.81999969482422,93.69000244140625,95.37000274658203,4310800,0.0,0.0
2022-07-18 00:00:00-04:00,95.68000030517578,95.68000030517578,93.98999786376953,94.29000091552734,4894700,0.0,0.0
2022-07-19 00:00:00-04:00,95.37999725341797,97.12999725341797,95.20999908447266,96.79000091552734,6729500,0.0,0.0
2022-07-20 00:00:00-04:00,96.4000015258789,96.51000213623047,94.3499984741211,95.1500015258789,4152500,0.0,0.0
2022-07-21 00:00:00-04:00,92.5199966430664,93.45999908447266,92.0,93.19000244140625,6982200,0.0,0.0
2022-07-22 00:00:00-04:00,94.12999725341797,94.43000030517578,93.19000244140625,94.05999755859375,4484600,0.0,0.0
2022-07-25 00:00:00-04:00,94.27999877929688,95.72000122070312,94.13999938964844,94.48999786376953,4753200,0.0,0.0
2022-07-26 00:00:00-04:00,94.58000183105469,95.5999984741211,94.5199966430664,95.30999755859375,4423800,0.0,0.0
2022-07-27 00:00:00-04:00,95.19000244140625,96.22000122070312,94.16999816894531,95.87000274658203,3143900,0.0,0.0
2022-07-28 00:00:00-04:00,95.75,96.19000244140625,94.5999984741211,95.52999877929688,4807500,0.0,0.0
2022-07-29 00:00:00-04:00,95.69000244140625,96.0999984741211,95.16999816894531,95.68000030517578,5735600,0.0,0.0
2022-08-01 00:00:00-04:00,95.0,96.55999755859375,94.83000183105469,96.0199966430664,4003900,0.0,0.0
2022-08-02 00:00:00-04:00,96.20999908447266,96.5199966430664,95.0999984741211,95.37000274658203,4110500,0.0,0.0
2022-08-03 00:00:00-04:00,98.05000305175781,101.87999725341797,97.72000122070312,101.37999725341797,11671800,0.0,0.0
2022-08-04 00:00:00-04:00,102.16000366210938,104.41000366210938,101.72000122070312,101.87000274658203,7502900,0.0,0.0
2022-08-05 00:00:00-04:00,101.51000213623047,103.55000305175781,101.51000213623047,102.26000213623047,4285200,0.0,0.0
2022-08-08 00:00:00-04:00,102.30000305175781,102.76000213623047,101.54000091552734,102.0,4190200,0.0,0.0
2022-08-09 00:00:00-04:00,102.87999725341797,104.33999633789062,102.44000244140625,103.69000244140625,5128800,0.0,0.0
2022-08-10 00:00:00-04:00,104.52999877929688,104.55999755859375,103.47000122070312,104.05000305175781,4203400,0.0,0.0
2022-08-11 00:00:00-04:00,103.91999816894531,105.4800033569336,103.8499984741211,104.25,4004900,0.0,0.0
2022-08-12 00:00:00-04:00,105.0,106.87000274658203,104.87999725341797,106.38999938964844,5064400,0.0,0.0
2022-08-15 00:00:00-04:00,105.98999786376953,106.68000030517578,104.88999938964844,106.2699966430664,2892600,0.0,0.0
2022-08-16 00:00:00-04:00,106.2300033569336,107.26000213623047,106.0199966430664,106.43000030517578,3398400,0.0,0.0
2022-08-17 00:00:00-04:00,105.5199966430664,106.51000213623047,104.77999877929688,104.91999816894531,3865900,0.0,0.0
2022-08-18 00:00:00-04:00,104.68000030517578,104.88999938964844,102.7300033569336,103.63999938964844,6176800,0.0,0.0
2022-08-19 00:00:00-04:00,103.70999908447266,104.62000274658203,102.91999816894531,104.05000305175781,5114300,0.0,0.0
2022-08-22 00:00:00-04:00,103.06999969482422,103.5,101.62000274658203,102.33999633789062,5102900,0.0,0.0
2022-08-23 00:00:00-04:00,101.95999908447266,101.95999908447266,100.97000122070312,101.12999725341797,2909300,0.0,0.0
2022-08-24 00:00:00-04:00,100.75,101.4000015258789,100.20999908447266,101.27999877929688,5140300,0.0,0.0
2022-08-25 00:00:00-04:00,101.16000366210938,102.18000030517578,100.62000274658203,102.1500015258789,3942600,0.0,0.0
2022-08-26 00:00:00-04:00,102.19999694824219,102.5,99.9800033569336,100.05999755859375,2853200,0.0,0.0
2022-08-29 00:00:00-04:00,99.4800033569336,100.91000366210938,98.91000366210938,100.33000183105469,2998800,0.0,0.0
2022-08-30 00:00:00-04:00,100.30000305175781,100.54000091552734,98.55000305175781,98.80000305175781,4896700,0.0,0.0
2022-08-31 00:00:00-04:00,99.0199966430664,99.80999755859375,98.08999633789062,98.1500015258789,6145800,0.0,0.0
2022-09-01 00:00:00-04:00,98.0,99.9800033569336,97.75,99.93000030517578,3987000,0.0,0.0
2022-09-02 00:00:00-04:00,100.1500015258789,101.31999969482422,99.02999877929688,99.44000244140625,5535300,0.0,0.0
2022-09-06 00:00:00-04:00,99.7300033569336,100.06999969482422,97.77999877929688,98.7300033569336,5804100,0.0,0.0
2022-09-07 00:00:00-04:00,98.52999877929688,101.11000061035156,98.5,100.68000030517578,4683800,0.0,0.0
2022-09-08 00:00:00-04:00,100.5,102.37000274658203,100.08000183105469,102.26000213623047,5445500,0.0,0.0
2022-09-09 00:00:00-04:00,102.5,102.8499984741211,101.93000030517578,102.1500015258789,3888500,0.0,0.0
2022-09-12 00:00:00-04:00,102.62999725341797,103.58999633789062,102.38999938964844,103.04000091552734,3709300,0.0,0.0
2022-09-13 00:00:00-04:00,101.98999786376953,102.6500015258789,100.19000244140625,100.44999694824219,3501000,0.0,0.0
2022-09-14 00:00:00-04:00,101.05999755859375,101.79000091552734,100.19999694824219,101.05000305175781,4686000,0.0,0.0
2022-09-15 00:00:00-04:00,102.12000274658203,103.41999816894531,101.83999633789062,102.30999755859375,5556500,0.0,0.0
2022-09-16 00:00:00-04:00,102.13999938964844,102.45999908447266,100.9800033569336,102.05999755859375,8611600,0.0,0.0
2022-09-19 00:00:00-04:00,101.05999755859375,102.16999816894531,100.30000305175781,102.11000061035156,4100600,0.0,0.0
2022-09-20 00:00:00-04:00,101.47000122070312,101.98999786376953,100.33000183105469,101.33999633789062,3861900,0.0,0.0
2022-09-21 00:00:00-04:00,101.94000244140625,102.95999908447266,99.75,99.7699966430664,3770600,0.0,0.0
2022-09-22 00:00:00-04:00,99.80000305175781,100.93000030517578,98.91999816894531,99.83000183105469,4513200,0.0,0.0
2022-09-23 00:00:00-04:00,99.4800033569336,99.55000305175781,96.95999908447266,98.3499984741211,4647000,0.0,0.0
2022-09-26 00:00:00-04:00,97.58999633789062,98.3499984741211,96.86000061035156,97.73999786376953,5106600,0.0,0.0
2022-09-27 00:00:00-04:00,98.0999984741211,99.30999755859375,96.87000274658203,97.20999908447266,4606600,0.0,0.0
2022-09-28 00:00:00-04:00,98.05000305175781,98.81999969482422,96.9000015258789,98.16000366210938,4303400,0.0,0.0
2022-09-29 00:00:00-04:00,98.01000213623047,98.20999908447266,96.11000061035156,96.9800033569336,5185200,0.0,0.0
2022-09-30 00:00:00-04:00,97.01000213623047,97.83999633789062,95.2699966430664,95.37000274658203,5395000,0.0,0.0
2022-10-03 00:00:00-04:00,95.9800033569336,98.16999816894531,95.37000274658203,97.76000213623047,3935800,0.0,0.0
2022-10-04 00:00:00-04:00,98.19000244140625,100.62999725341797,97.58000183105469,100.5199966430664,5598400,0.0,0.0
2022-10-05 00:00:00-04:00,100.04000091552734,101.08000183105469,99.33999633789062,100.44999694824219,3220800,0.0,0.0
2022-10-06 00:00:00-04:00,99.98999786376953,100.16000366210938,98.38999938964844,98.58000183105469,4171000,0.0,0.0
2022-10-07 00:00:00-04:00,93.18000030517578,94.0,87.12999725341797,88.25,19715100,0.0,0.0
2022-10-10 00:00:00-04:00,87.70999908447266,89.95999908447266,87.20999908447266,88.25,7429800,0.0,0.0
2022-10-11 00:00:00-04:00,87.73999786376953,89.69999694824219,86.73999786376953,88.5,6898100,0.0,0.0
2022-10-12 00:00:00-04:00,88.73999786376953,89.56999969482422,87.80000305175781,87.83999633789062,4926500,0.0,0.0
2022-10-13 00:00:00-04:00,86.4800033569336,90.52999877929688,86.27999877929688,90.0999984741211,6056300,0.0,0.0
2022-10-14 00:00:00-04:00,90.8499984741211,90.94999694824219,89.12999725341797,89.30000305175781,5475500,0.0,0.0
2022-10-17 00:00:00-04:00,89.98999786376953,91.08999633789062,89.66000366210938,90.88999938964844,5493900,0.0,0.0
2022-10-18 00:00:00-04:00,92.25,92.80999755859375,90.87000274658203,91.94000244140625,5659000,0.0,0.0
2022-10-19 00:00:00-04:00,91.9000015258789,92.72000122070312,91.11000061035156,91.66000366210938,4004600,0.0,0.0
2022-10-20 00:00:00-04:00,91.45999908447266,92.05999755859375,90.6500015258789,90.98999786376953,4798500,0.0,0.0
2022-10-21 00:00:00-04:00,90.83999633789062,93.16000366210938,90.04000091552734,92.72000122070312,4919100,0.0,0.0
2022-10-24 00:00:00-04:00,93.91000366210938,95.4000015258789,93.7300033569336,94.80000305175781,7183500,0.0,0.0
2022-10-25 00:00:00-04:00,91.12999725341797,92.72000122070312,90.76000213623047,92.22000122070312,13822400,0.0,0.0
2022-10-26 00:00:00-04:00,93.16000366210938,93.97000122070312,92.72000122070312,92.7300033569336,7619300,0.0,0.0
2022-10-27 00:00:00-04:00,93.0,93.79000091552734,92.5199966430664,92.69999694824219,5610700,0.0,0.0
2022-10-28 00:00:00-04:00,92.91999816894531,94.7300033569336,92.5199966430664,94.19000244140625,6761600,0.0,0.0
2022-10-31 00:00:00-04:00,93.73999786376953,95.87999725341797,92.87000274658203,94.69999694824219,7401400,0.0,0.0
2022-11-01 00:00:00-04:00,94.61000061035156,95.11000061035156,93.5199966430664,94.62000274658203,7009000,0.0,0.0
2022-11-02 00:00:00-04:00,96.51000213623047,99.44000244140625,96.0,96.80000305175781,15502000,0.0,0.0
2022-11-03 00:00:00-04:00,96.25,98.45999908447266,95.23999786376953,97.80000305175781,8406400,0.0,0.0
2022-11-04 00:00:00-04:00,98.58999633789062,99.8499984741211,97.77999877929688,99.55999755859375,9416000,0.0,0.0
2022-11-07 00:00:00-05:00,99.4000015258789,101.44000244140625,99.33000183105469,101.18000030517578,5595400,0.0,0.0
2022-11-08 00:00:00-05:00,101.4000015258789,102.7699966430664,101.0,101.6500015258789,5650000,0.0,0.0
2022-11-09 00:00:00-05:00,101.6500015258789,101.97000122070312,99.44999694824219,99.55999755859375,5047100,0.0,0.0
2022-11-10 00:00:00-05:00,101.87999725341797,101.88999938964844,98.37000274658203,99.91000366210938,6308100,0.0,0.0
2022-11-11 00:00:00-05:00,99.75,99.97000122070312,95.05000305175781,97.55000305175781,9174900,0.0,0.0
2022-11-14 00:00:00-05:00,97.87999725341797,98.86000061035156,97.13999938964844,97.16999816894531,5018600,0.0,0.0
2022-11-15 00:00:00-05:00,97.80000305175781,98.66999816894531,97.16000366210938,97.7300033569336,6569400,0.0,0.0
2022-11-16 00:00:00-05:00,97.87000274658203,98.95999908447266,95.83000183105469,96.0999984741211,6940000,0.0,0.0
2022-11-17 00:00:00-05:00,95.7300033569336,96.4000015258789,94.73999786376953,94.93000030517578,6427200,0.0,0.0
2022-11-18 00:00:00-05:00,95.5999984741211,97.48999786376953,95.5999984741211,97.3499984741211,7294000,0.0,0.0
2022-11-21 00:00:00-05:00,97.25,98.2699966430664,97.25,97.88999938964844,4842300,0.0,0.0
2022-11-22 00:00:00-05:00,99.05000305175781,99.87999725341797,98.55000305175781,99.51000213623047,4904600,0.0,0.0
2022-11-23 00:00:00-05:00,99.7699966430664,100.61000061035156,99.69999694824219,100.05999755859375,3359600,0.0,0.0
2022-11-25 00:00:00-05:00,100.61000061035156,101.55000305175781,100.19000244140625,101.26000213623047,2464800,0.0,0.0
2022-11-28 00:00:00-05:00,100.70999908447266,102.0999984741211,100.06999969482422,100.41000366210938,4585100,0.0,0.0
2022-11-29 00:00:00-05:00,100.19000244140625,101.08999633789062,100.11000061035156,100.87999725341797,3428900,0.0,0.0
2022-11-30 00:00:00-05:00,100.45999908447266,102.02999877929688,99.80000305175781,101.87999725341797,7858200,0.0,0.0
2022-12-01 00:00:00-05:00,102.19000244140625,102.5999984741211,100.95999908447266,101.6500015258789,5047600,0.0,0.0
2022-12-02 00:00:00-05:00,101.16999816894531,102.75,101.08999633789062,102.58000183105469,4478900,0.0,0.0
2022-12-05 00:00:00-05:00,101.87999725341797,102.83999633789062,101.72000122070312,102.01000213623047,3645300,0.0,0.0
2022-12-06 00:00:00-05:00,101.83999633789062,102.72000122070312,100.54000091552734,101.19000244140625,4060200,0.0,0.0
2022-12-07 00:00:00-05:00,101.36000061035156,102.33999633789062,101.3499984741211,102.27999877929688,4824500,0.0,0.0
2022-12-08 00:00:00-05:00,102.5,103.80000305175781,102.27999877929688,102.52999877929688,4063500,0.0,0.0
2022-12-09 00:00:00-05:00,102.16999816894531,102.69000244140625,101.52999877929688,101.6500015258789,4383000,0.0,0.0
2022-12-12 00:00:00-05:00,101.66000366210938,103.79000091552734,101.66000366210938,103.79000091552734,4724200,0.0,0.0
2022-12-13 00:00:00-05:00,104.5999984741211,104.83000183105469,100.79000091552734,101.19000244140625,6061800,0.0,0.0
2022-12-14 00:00:00-05:00,101.37999725341797,101.87999725341797,99.51000213623047,100.68000030517578,5129900,0.0,0.0
2022-12-15 00:00:00-05:00,99.38999938964844,99.62999725341797,97.0999984741211,97.5999984741211,7073200,0.0,0.0
2022-12-16 00:00:00-05:00,96.52999877929688,96.76000213623047,94.55000305175781,95.44999694824219,11126600,0.0,0.0
2022-12-19 00:00:00-05:00,95.37999725341797,96.30999755859375,94.66999816894531,95.05000305175781,5159100,0.0,0.0
2022-12-20 00:00:00-05:00,94.87000274658203,95.4000015258789,94.13999938964844,95.0,5301200,0.0,0.0
2022-12-21 00:00:00-05:00,95.58999633789062,95.62000274658203,93.01000213623047,94.12000274658203,6278400,0.0,0.0
2022-12-22 00:00:00-05:00,93.5199966430664,94.04000091552734,92.44000244140625,93.4000015258789,5384100,0.0,0.0
2022-12-23 00:00:00-05:00,93.30999755859375,94.20999908447266,93.06999969482422,93.55999755859375,7307000,0.0,0.0
2022-12-27 00:00:00-05:00,93.11000061035156,93.31999969482422,92.12999725341797,93.0199966430664,3977400,0.0,0.0
2022-12-28 00:00:00-05:00,93.4000015258789,93.69000244140625,92.58000183105469,92.76000213623047,3807000,0.0,0.0
2022-12-29 00:00:00-05:00,93.20999908447266,93.75,92.91999816894531,93.44999694824219,3297200,0.0,0.0
2022-12-30 00:00:00-05:00,93.25,93.44999694824219,92.48999786376953,93.19000244140625,3568500,0.0,0.0
2023-01-03 00:00:00-05:00,91.72000122070312,93.05000305175781,91.04000091552734,92.91000366210938,6543500,0.0,0.0
2023-01-04 00:00:00-05:00,93.27999877929688,93.41000366210938,91.66000366210938,91.9800033569336,7330400,0.0,0.0
2023-01-05 00:00:00-05:00,91.70999908447266,92.16999816894531,90.43000030517578,90.44999694824219,8441600,0.0,0.0
2023-01-06 00:00:00-05:00,91.33000183105469,91.93000030517578,90.9800033569336,91.5999984741211,8957500,0.0,0.0
2023-01-09 00:00:00-05:00,92.13999938964844,93.25,91.41999816894531,91.48999786376953,10415900,0.0,0.0
2023-01-10 00:00:00-05:00,90.8499984741211,91.37000274658203,88.5,90.6500015258789,10828300,0.0,0.0
2023-01-11 00:00:00-05:00,91.55999755859375,91.69000244140625,89.3499984741211,89.75,10221100,0.0,0.0
2023-01-12 00:00:00-05:00,89.79000091552734,89.97000122070312,89.02999877929688,89.18000030517578,10466200,0.0,0.0
2023-01-13 00:00:00-05:00,88.69999694824219,90.4000015258789,88.51000213623047,89.91999816894531,10209500,0.0,0.0
2023-01-17 00:00:00-05:00,90.0999984741211,90.55999755859375,89.11000061035156,89.37000274658203,12365300,0.0,0.0
2023-01-18 00:00:00-05:00,89.58999633789062,89.75,88.02999877929688,88.19999694824219,9495000,0.0,0.0
2023-01-19 00:00:00-05:00,87.70999908447266,88.30999755859375,87.05000305175781,87.4800033569336,11430400,0.0,0.0
2023-01-20 00:00:00-05:00,87.4800033569336,87.48999786376953,86.75,87.0,13008000,0.0,0.0
2023-01-23 00:00:00-05:00,87.0,87.44999694824219,86.75,87.19999694824219,14720100,0.0,0.0
2023-01-24 00:00:00-05:00,86.4800033569336,86.83000183105469,85.91999816894531,86.0199966430664,14708600,0.0,0.0
2023-01-25 00:00:00-05:00,85.38999938964844,86.01000213623047,84.81999969482422,85.75,18389700,0.0,0.0
2023-01-26 00:00:00-05:00,86.45999908447266,87.76000213623047,86.02999877929688,87.66000366210938,9263400,0.0,0.0
2023-01-27 00:00:00-05:00,87.75,88.12000274658203,87.0,87.77999877929688,7480900,0.0,0.0
2023-01-30 00:00:00-05:00,87.88999938964844,88.38999938964844,86.98999786376953,87.05000305175781,8540000,0.0,0.0
2023-01-31 00:00:00-05:00,87.5,88.5,87.06999969482422,88.22000122070312,8189900,0.0,0.0
2023-02-01 00:00:00-05:00,88.01000213623047,88.18000030517578,86.68000030517578,87.48999786376953,7420300,0.0,0.0
2023-02-02 00:00:00-05:00,86.54000091552734,86.97000122070312,85.45999908447266,86.18000030517578,11244300,0.0,0.0
2023-02-03 00:00:00-05:00,86.69999694824219,87.5999984741211,85.61000061035156,85.7699966430664,7256700,0.0,0.0
2023-02-06 00:00:00-05:00,85.88999938964844,86.58999633789062,85.19999694824219,85.25,8319400,0.0,0.0
2023-02-07 00:00:00-05:00,85.1500015258789,86.62999725341797,84.5999984741211,85.9800033569336,15264800,0.0,0.0
2023-02-08 00:00:00-05:00,87.88999938964844,90.25,87.75,88.95999908447266,17068700,0.0,0.0
2023-02-09 00:00:00-05:00,89.33000183105469,90.62000274658203,89.19999694824219,90.06999969482422,10703400,0.0,0.0
2023-02-10 00:00:00-05:00,90.33999633789062,90.5999984741211,89.5,89.66000366210938,7718500,0.0,0.0
2023-02-13 00:00:00-05:00,89.58000183105469,90.58000183105469,89.13999938964844,89.87000274658203,7818900,0.0,0.0
2023-02-14 00:00:00-05:00,89.87000274658203,89.98999786376953,88.13999938964844,88.5199966430664,7497400,0.0,0.0
2023-02-15 00:00:00-05:00,87.91999816894531,88.47000122070312,87.73999786376953,88.3499984741211,6435700,0.0,0.0
2023-02-16 00:00:00-05:00,87.47000122070312,88.62000274658203,87.3499984741211,87.97000122070312,8317900,0.0,0.0
2023-02-17 00:00:00-05:00,88.11000061035156,88.75,87.87000274658203,88.58000183105469,7320800,0.0,0.0
2023-02-21 00:00:00-05:00,88.11000061035156,88.58999633789062,87.26000213623047,87.62000274658203,7245900,0.0,0.0
2023-02-22 00:00:00-05:00,87.55000305175781,87.76000213623047,86.94999694824219,87.20999908447266,5614400,0.0,0.0
2023-02-23 00:00:00-05:00,87.41000366210938,87.9000015258789,86.72000122070312,86.87000274658203,7283000,0.0,0.0
2023-02-24 00:00:00-05:00,86.44999694824219,86.69000244140625,85.47000122070312,85.7699966430664,9271000,0.0,0.0
2023-02-27 00:00:00-05:00,86.04000091552734,86.27999877929688,84.62999725341797,84.83999633789062,7933300,0.0,0.0
2023-02-28 00:00:00-05:00,84.83999633789062,84.94000244140625,83.13999938964844,83.54000091552734,9559100,0.0,0.0
2023-03-01 00:00:00-05:00,82.9000015258789,83.26000213623047,81.9800033569336,82.47000122070312,7444400,0.0,0.0
2023-03-02 00:00:00-05:00,82.05000305175781,82.38999938964844,81.36000061035156,81.43000030517578,10094700,0.0,0.0
2023-03-03 00:00:00-05:00,81.94999694824219,81.95999908447266,81.22000122070312,81.80999755859375,12145900,0.0,0.0
2023-03-06 00:00:00-05:00,82.0,83.0,81.6500015258789,82.97000122070312,10156100,0.0,0.0
2023-03-07 00:00:00-05:00,82.6500015258789,83.0,80.23999786376953,80.44999694824219,9669600,0.0,0.0
2023-03-08 00:00:00-05:00,80.33000183105469,80.6500015258789,79.52999877929688,79.80999755859375,6657000,0.0,0.0
2023-03-09 00:00:00-05:00,79.97000122070312,80.06999969482422,76.66000366210938,77.0,11040400,0.0,0.0
2023-03-10 00:00:00-05:00,77.01000213623047,78.16000366210938,76.87000274658203,77.0999984741211,7852500,0.0,0.0
2023-03-13 00:00:00-04:00,76.4800033569336,77.62000274658203,75.9000015258789,76.27999877929688,7165400,0.0,0.0
2023-03-14 00:00:00-04:00,76.76000213623047,76.88999938964844,74.79000091552734,75.55999755859375,8180500,0.0,0.0
2023-03-15 00:00:00-04:00,74.9000015258789,75.44000244140625,74.5199966430664,75.4000015258789,7989900,0.0,0.0
2023-03-16 00:00:00-04:00,75.05999755859375,76.1500015258789,74.58000183105469,75.83000183105469,6639100,0.0,0.0
2023-03-17 00:00:00-04:00,75.8499984741211,75.94999694824219,73.91000366210938,74.37000274658203,16807800,0.0,0.0
2023-03-20 00:00:00-04:00,74.62999725341797,75.58999633789062,74.62999725341797,74.9800033569336,6191000,0.0,0.0
2023-03-21 00:00:00-04:00,75.51000213623047,75.66000366210938,74.75,75.55999755859375,6779800,0.0,0.0
2023-03-22 00:00:00-04:00,75.7300033569336,76.30000305175781,74.38999938964844,74.41000366210938,6806000,0.0,0.0
2023-03-23 00:00:00-04:00,74.22000122070312,74.22000122070312,72.11000061035156,72.37000274658203,9031800,0.0,0.0
2023-03-24 00:00:00-04:00,72.33000183105469,73.55999755859375,72.12999725341797,73.26000213623047,6061500,0.0,0.0
2023-03-27 00:00:00-04:00,74.12999725341797,74.55999755859375,73.31999969482422,73.56999969482422,5587500,0.0,0.0
2023-03-28 00:00:00-04:00,73.5999984741211,74.26000213623047,72.9000015258789,73.12000274658203,6457100,0.0,0.0
2023-03-29 00:00:00-04:00,73.68000030517578,74.11000061035156,73.16000366210938,74.08999633789062,8064000,0.0,0.0
2023-03-30 00:00:00-04:00,75.1500015258789,75.2300033569336,74.04000091552734,74.69999694824219,6523500,0.0,0.0
2023-03-31 00:00:00-04:00,74.7699966430664,74.88999938964844,74.08000183105469,74.30999755859375,10515000,0.0,0.0
2023-04-03 00:00:00-04:00,75.02999877929688,76.58000183105469,74.75,76.08999633789062,9742200,0.0,0.0
2023-04-04 00:00:00-04:00,75.98999786376953,76.54000091552734,75.62000274658203,76.25,6469700,0.0,0.0
2023-04-05 00:00:00-04:00,76.38999938964844,77.80999755859375,76.0999984741211,77.75,7645500,0.0,0.0
2023-04-06 00:00:00-04:00,77.94999694824219,78.4800033569336,77.16000366210938,77.54000091552734,8778300,0.0,0.0
2023-04-10 00:00:00-04:00,76.94999694824219,77.30000305175781,75.7699966430664,76.04000091552734,9299100,0.0,0.0
2023-04-11 00:00:00-04:00,76.44000244140625,76.95999908447266,76.11000061035156,76.29000091552734,8746600,0.0,0.0
2023-04-12 00:00:00-04:00,76.33999633789062,76.66000366210938,74.79000091552734,74.91999816894531,9602300,0.0,0.0
2023-04-13 00:00:00-04:00,74.94000244140625,75.91999816894531,74.41999816894531,75.41999816894531,8439700,0.0,0.0
2023-04-14 00:00:00-04:00,75.77999877929688,75.80000305175781,74.33999633789062,74.69999694824219,7434600,0.0,0.0
2023-04-17 00:00:00-04:00,74.25,75.94000244140625,74.25,75.80000305175781,11724700,0.0,0.0
2023-04-18 00:00:00-04:00,77.06999969482422,77.19000244140625,75.44000244140625,76.13999938964844,9382900,0.0,0.0
2023-04-19 00:00:00-04:00,75.25,75.26000213623047,73.94000244140625,74.20999908447266,8784300,0.0,0.0
2023-04-20 00:00:00-04:00,73.25,73.80999755859375,72.93000030517578,73.25,8579500,0.0,0.0
2023-04-21 00:00:00-04:00,73.54000091552734,73.56999969482422,72.55000305175781,72.83999633789062,7054300,0.0,0.0
2023-04-24 00:00:00-04:00,73.19999694824219,73.55000305175781,72.55999755859375,73.44000244140625,8101700,0.0,0.0
2023-04-25 00:00:00-04:00,73.05000305175781,73.94999694824219,72.72000122070312,72.87000274658203,7496900,0.0,0.0
2023-04-26 00:00:00-04:00,72.44000244140625,72.75,71.94000244140625,72.26000213623047,8486500,0.0,0.0
2023-04-27 00:00:00-04:00,72.31999969482422,73.12999725341797,72.2300033569336,73.05999755859375,7151000,0.0,0.0
2023-04-28 00:00:00-04:00,73.02999877929688,73.58999633789062,72.66999816894531,73.30999755859375,8103000,0.0,0.0
2023-05-01 00:00:00-04:00,73.58999633789062,74.06999969482422,72.83999633789062,73.88999938964844,5965000,0.0,0.0
2023-05-02 00:00:00-04:00,73.0999984741211,73.7300033569336,71.6500015258789,72.76000213623047,9031200,0.0,0.0
2023-05-03 00:00:00-04:00,71.4000015258789,71.54000091552734,69.31999969482422,70.08000183105469,15216200,0.0,0.0
2023-05-04 00:00:00-04:00,69.61000061035156,70.16999816894531,68.0999984741211,68.79000091552734,10416400,0.0,0.0
2023-05-05 00:00:00-04:00,71.01000213623047,71.5199966430664,70.38999938964844,70.68000030517578,10647100,0.0,0.0
2023-05-08 00:00:00-04:00,70.43000030517578,70.51000213623047,69.55000305175781,69.68000030517578,8329600,0.0,0.0
2023-05-09 00:00:00-04:00,69.58000183105469,70.26000213623047,69.4800033569336,69.97000122070312,6448000,0.0,0.0
2023-05-10 00:00:00-04:00,70.19000244140625,70.31999969482422,69.38999938964844,69.70999908447266,7125500,0.0,0.0
2023-05-11 00:00:00-04:00,69.19999694824219,69.62999725341797,68.70999908447266,68.97000122070312,6537700,0.0,0.0
2023-05-12 00:00:00-04:00,69.01000213623047,69.31999969482422,68.27999877929688,68.58000183105469,5664500,0.0,0.0
2023-05-15 00:00:00-04:00,68.58000183105469,68.88999938964844,68.20999908447266,68.8499984741211,6472300,0.0,0.0
2023-05-16 00:00:00-04:00,68.63999938964844,68.73999786376953,67.05000305175781,67.0999984741211,8476000,0.0,0.0
2023-05-17 00:00:00-04:00,67.11000061035156,69.44999694824219,67.0999984741211,69.43000030517578,11572100,0.0,0.0
2023-05-18 00:00:00-04:00,69.25,69.41999816894531,68.12000274658203,69.30999755859375,10537500,0.0,0.0
2023-05-19 00:00:00-04:00,69.33999633789062,69.88999938964844,69.13999938964844,69.37999725341797,7919800,0.0,0.0
2023-05-22 00:00:00-04:00,69.79000091552734,69.8499984741211,68.70999908447266,69.41999816894531,7392200,0.0,0.0
2023-05-23 00:00:00-04:00,69.30000305175781,69.9800033569336,68.91999816894531,69.66999816894531,6672300,0.0,0.0
2023-05-24 00:00:00-04:00,69.68000030517578,69.80000305175781,68.63999938964844,68.81999969482422,6519700,0.0,0.0
2023-05-25 00:00:00-04:00,68.5,68.5,66.61000061035156,67.66999816894531,10605400,0.0,0.0
2023-05-26 00:00:00-04:00,68.05000305175781,68.30000305175781,66.97000122070312,67.63999938964844,6493400,0.0,0.0
2023-05-30 00:00:00-04:00,67.0,67.37000274658203,66.62000274658203,67.1500015258789,10204000,0.0,0.0
2023-05-31 00:00:00-04:00,66.5199966430664,68.2300033569336,66.33999633789062,68.02999877929688,12753400,0.0,0.0
2023-06-01 00:00:00-04:00,68.33999633789062,69.7699966430664,68.05000305175781,68.87999725341797,8319700,0.0,0.0
2023-06-02 00:00:00-04:00,69.33999633789062,70.33999633789062,68.66000366210938,69.98999786376953,7343900,0.0,0.0
2023-06-05 00:00:00-04:00,70.51000213623047,71.41999816894531,70.51000213623047,70.73999786376953,7932900,0.0,0.0
2023-06-06 00:00:00-04:00,70.73999786376953,70.88999938964844,69.75,70.51000213623047,7401800,0.0,0.0
2023-06-07 00:00:00-04:00,70.69999694824219,71.77999877929688,70.19000244140625,71.4800033569336,5969600,0.0,0.0
2023-06-08 00:00:00-04:00,71.52999877929688,71.80999755859375,71.0,71.75,5084600,0.0,0.0
2023-06-09 00:00:00-04:00,71.98999786376953,72.0999984741211,71.2699966430664,71.76000213623047,4701400,0.0,0.0
2023-06-12 00:00:00-04:00,71.58000183105469,71.9000015258789,71.16999816894531,71.5,4868100,0.0,0.0
2023-06-13 00:00:00-04:00,71.5,72.83000183105469,71.23999786376953,72.26000213623047,6632700,0.0,0.0
2023-06-14 00:00:00-04:00,68.2699966430664,68.97000122070312,66.63999938964844,66.6500015258789,23633500,0.0,0.0
2023-06-15 00:00:00-04:00,67.43000030517578,69.6500015258789,67.2699966430664,69.5,15509700,0.0,0.0
2023-06-16 00:00:00-04:00,69.29000091552734,69.58999633789062,67.48999786376953,67.72000122070312,18202800,0.0,0.0
2023-06-20 00:00:00-04:00,67.75,68.95999908447266,67.6500015258789,68.66999816894531,9137900,0.0,0.0
2023-06-21 00:00:00-04:00,68.29000091552734,69.63999938964844,68.16000366210938,68.7699966430664,8191300,0.0,0.0
2023-06-22 00:00:00-04:00,68.9800033569336,69.69000244140625,68.72000122070312,69.41000366210938,6912200,0.0,0.0
2023-06-23 00:00:00-04:00,69.37000274658203,69.86000061035156,69.16000366210938,69.5999984741211,8563500,0.0,0.0
2023-06-26 00:00:00-04:00,69.83000183105469,70.62000274658203,69.26000213623047,69.8499984741211,9453000,0.0,0.0
2023-06-27 00:00:00-04:00,67.95999908447266,69.04000091552734,67.52999877929688,68.68000030517578,12286000,0.0,0.0
2023-06-28 00:00:00-04:00,68.68000030517578,68.68000030517578,67.80999755859375,68.13999938964844,8893800,0.0,0.0
2023-06-29 00:00:00-04:00,68.13999938964844,68.80000305175781,67.94999694824219,68.76000213623047,5941400,0.0,0.0
2023-06-30 00:00:00-04:00,68.95999908447266,69.51000213623047,68.52999877929688,69.12999725341797,7887600,0.0,0.0
2023-07-03 00:00:00-04:00,69.12000274658203,70.27999877929688,68.87999725341797,69.7699966430664,3489900,0.0,0.0
2023-07-05 00:00:00-04:00,69.5,70.37999725341797,69.23999786376953,69.58999633789062,8947500,0.0,0.0
2023-07-06 00:00:00-04:00,68.87000274658203,69.63999938964844,68.76000213623047,69.54000091552734,7952100,0.0,0.0
2023-07-07 00:00:00-04:00,69.54000091552734,70.23999786376953,69.01000213623047,69.16999816894531,6687600,0.0,0.0
2023-07-10 00:00:00-04:00,69.0,69.52999877929688,68.69999694824219,69.36000061035156,8087100,0.0,0.0
2023-07-11 00:00:00-04:00,69.6500015258789,71.31999969482422,69.6500015258789,71.2699966430664,7182700,0.0,0.0
2023-07-12 00:00:00-04:00,71.56999969482422,71.68000030517578,70.20999908447266,70.47000122070312,13736100,0.0,0.0
2023-07-13 00:00:00-04:00,70.77999877929688,71.62000274658203,70.72000122070312,71.22000122070312,13087400,0.0,0.0
2023-07-14 00:00:00-04:00,72.0,72.30000305175781,71.30999755859375,71.37999725341797,9698200,0.0,0.0
2023-07-17 00:00:00-04:00,71.22000122070312,71.52999877929688,70.5,71.16999816894531,7804400,0.0,0.0
2023-07-18 00:00:00-04:00,71.54000091552734,72.66999816894531,71.41000366210938,72.30999755859375,8480500,0.0,0.0
2023-07-19 00:00:00-04:00,73.26000213623047,74.56999969482422,73.16000366210938,74.37999725341797,12922700,0.0,0.0
2023-07-20 00:00:00-04:00,74.11000061035156,75.02999877929688,73.81999969482422,74.87000274658203,9869600,0.0,0.0
2023-07-21 00:00:00-04:00,75.18000030517578,75.55999755859375,74.66999816894531,75.05000305175781,9613600,0.0,0.0
2023-07-24 00:00:00-04:00,75.2300033569336,76.20999908447266,75.19999694824219,75.94999694824219,7495800,0.0,0.0
2023-07-25 00:00:00-04:00,75.75,75.9800033569336,75.41000366210938,75.66000366210938,8630100,0.0,0.0
2023-07-26 00:00:00-04:00,75.56999969482422,76.22000122070312,75.01000213623047,75.0999984741211,9856600,0.0,0.0
2023-07-27 00:00:00-04:00,75.31999969482422,75.98999786376953,75.26000213623047,75.47000122070312,8764300,0.0,0.0
2023-07-28 00:00:00-04:00,75.93000030517578,75.93000030517578,74.30000305175781,74.61000061035156,9475100,0.0,0.0
2023-07-31 00:00:00-04:00,74.86000061035156,75.0,74.30000305175781,74.69000244140625,7659000,0.0,0.0
2023-08-01 00:00:00-04:00,74.76000213623047,75.13999938964844,73.61000061035156,73.94999694824219,9012200,0.0,0.0
2023-08-02 00:00:00-04:00,72.48999786376953,77.37999725341797,72.2300033569336,76.41000366210938,22302500,0.0,0.0
2023-08-03 00:00:00-04:00,76.4000015258789,76.68000030517578,73.58000183105469,74.31999969482422,12771700,0.0,0.0
2023-08-04 00:00:00-04:00,74.19999694824219,74.55999755859375,72.61000061035156,72.88999938964844,8317100,0.0,0.0
2023-08-07 00:00:00-04:00,72.9800033569336,73.91999816894531,72.77999877929688,73.91000366210938,5615200,0.0,0.0
2023-08-08 00:00:00-04:00,73.19000244140625,74.19000244140625,72.6500015258789,74.0,6612000,0.0,0.0
2023-08-09 00:00:00-04:00,73.91999816894531,75.30999755859375,73.83000183105469,74.5999984741211,6914700,0.0,0.0
2023-08-10 00:00:00-04:00,74.83000183105469,75.3499984741211,73.68000030517578,73.95999908447266,6057700,0.0,0.0
2023-08-11 00:00:00-04:00,73.76000213623047,75.0,73.69000244140625,74.87000274658203,5977600,0.0,0.0
2023-08-14 00:00:00-04:00,74.69999694824219,74.7699966430664,74.0,74.33999633789062,7156800,0.0,0.0
2023-08-15 00:00:00-04:00,74.08999633789062,74.27999877929688,73.23999786376953,73.33000183105469,6222300,0.0,0.0
2023-08-16 00:00:00-04:00,73.2300033569336,73.58999633789062,72.68000030517578,72.72000122070312,4890200,0.0,0.0
2023-08-17 00:00:00-04:00,68.30000305175781,70.0,64.62000274658203,66.80000305175781,44490100,0.0,0.0
2023-08-18 00:00:00-04:00,66.80000305175781,67.75,66.52999877929688,66.80999755859375,15003100,0.0,0.0
2023-08-21 00:00:00-04:00,66.5999984741211,67.16999816894531,66.26000213623047,67.08000183105469,8643500,0.0,0.0
2023-08-22 00:00:00-04:00,66.98999786376953,67.69999694824219,66.7300033569336,67.05000305175781,6799800,0.0,0.0
2023-08-23 00:00:00-04:00,67.2300033569336,67.4800033569336,66.02999877929688,66.4000015258789,8131200,0.0,0.0
2023-08-24 00:00:00-04:00,66.27999877929688,67.1500015258789,66.16999816894531,66.48999786376953,7244800,0.0,0.0
2023-08-25 00:00:00-04:00,66.72000122070312,67.70999908447266,66.55000305175781,67.31999969482422,7383000,0.0,0.0
2023-08-28 00:00:00-04:00,67.93000030517578,68.02999877929688,66.88999938964844,67.23999786376953,5939800,0.0,0.0
2023-08-29 00:00:00-04:00,67.23999786376953,67.81999969482422,66.62000274658203,67.12999725341797,7430900,0.0,0.0
2023-08-30 00:00:00-04:00,67.33000183105469,67.5,66.76000213623047,66.83000183105469,4467400,0.0,0.0
2023-08-31 00:00:00-04:00,66.83000183105469,67.0199966430664,65.12999725341797,65.16999816894531,9829000,0.0,0.0
2023-09-01 00:00:00-04:00,65.4000015258789,65.94999694824219,65.38999938964844,65.66999816894531,6320800,0.0,0.0
2023-09-05 00:00:00-04:00,65.58000183105469,66.52999877929688,65.4800033569336,65.61000061035156,7043900,0.0,0.0
2023-09-06 00:00:00-04:00,65.41000366210938,65.97000122070312,65.2699966430664,65.51000213623047,7064800,0.0,0.0
2023-09-07 00:00:00-04:00,65.6500015258789,66.16999816894531,65.05000305175781,65.5999984741211,7181400,0.0,0.0
2023-09-08 00:00:00-04:00,65.41000366210938,65.88999938964844,65.0999984741211,65.83999633789062,5486000,0.0,0.0
2023-09-11 00:00:00-04:00,65.95999908447266,68.98999786376953,65.7699966430664,68.75,15636300,0.0,0.0
2023-09-12 00:00:00-04:00,69.0999984741211,70.91999816894531,68.83000183105469,70.5199966430664,13581400,0.0,0.0
2023-09-13 00:00:00-04:00,70.69999694824219,71.4800033569336,70.16000366210938,70.23999786376953,10486500,0.0,0.0
2023-09-14 00:00:00-04:00,70.8499984741211,71.02999877929688,69.79000091552734,69.94999694824219,8425000,0.0,0.0
2023-09-15 00:00:00-04:00,70.01000213623047,71.27999877929688,69.91999816894531,70.87000274658203,12736100,0.0,0.0
2023-09-18 00:00:00-04:00,70.93000030517578,71.0999984741211,70.30999755859375,70.69999694824219,9099900,0.0,0.0
2023-09-19 00:00:00-04:00,70.9800033569336,72.2699966430664,70.91999816894531,71.98999786376953,9192400,0.0,0.0
2023-09-20 00:00:00-04:00,72.25,72.30000305175781,70.41999816894531,71.41000366210938,11581900,0.0,0.0
2023-09-21 00:00:00-04:00,71.3499984741211,72.41000366210938,71.08000183105469,71.88999938964844,9295900,0.0,0.0
2023-09-22 00:00:00-04:00,71.5,72.19999694824219,71.12000274658203,71.1500015258789,6117100,0.0,0.0
2023-09-25 00:00:00-04:00,71.16999816894531,72.5999984741211,70.87999725341797,72.56999969482422,5272100,0.0,0.0
2023-09-26 00:00:00-04:00,72.19999694824219,72.23999786376953,71.31999969482422,71.33000183105469,5821700,0.0,0.0
2023-09-27 00:00:00-04:00,71.08999633789062,71.1500015258789,68.86000061035156,69.77999877929688,8214200,0.0,0.0
2023-09-28 00:00:00-04:00,70.16000366210938,71.05000305175781,69.75,70.02999877929688,5676300,0.0,0.0
2023-09-29 00:00:00-04:00,70.06999969482422,70.44999694824219,69.58999633789062,69.81999969482422,5365800,0.0,0.0
2023-10-02 00:00:00-04:00,69.54000091552734,69.76000213623047,68.52999877929688,69.69000244140625,5342300,0.0,0.0
2023-10-03 00:00:00-04:00,69.26000213623047,69.80000305175781,68.9800033569336,69.25,4392300,0.0,0.0
2023-10-04 00:00:00-04:00,69.19999694824219,69.41999816894531,68.08999633789062,68.9800033569336,6017100,0.0,0.0
2023-10-05 00:00:00-04:00,68.55999755859375,69.80999755859375,68.55999755859375,69.75,4498900,0.0,0.0
2023-10-06 00:00:00-04:00,69.54000091552734,70.5199966430664,69.13999938964844,69.9000015258789,4278800,0.0,0.0
2023-10-09 00:00:00-04:00,69.80000305175781,71.29000091552734,69.77999877929688,71.25,5634100,0.0,0.0
2023-10-10 00:00:00-04:00,71.1500015258789,72.02999877929688,70.87000274658203,71.7300033569336,6532100,0.0,0.0
2023-10-11 00:00:00-04:00,72.41000366210938,72.8499984741211,71.26000213623047,71.7300033569336,4776000,0.0,0.0
2023-10-12 00:00:00-04:00,72.0,72.19999694824219,70.66000366210938,70.91999816894531,6656400,0.0,0.0
2023-10-13 00:00:00-04:00,71.38999938964844,72.75,71.19000244140625,71.54000091552734,6610900,0.0,0.0
2023-10-16 00:00:00-04:00,72.75,73.33999633789062,71.0199966430664,71.48999786376953,8149800,0.0,0.0
2023-10-17 00:00:00-04:00,71.18000030517578,72.83999633789062,71.13999938964844,72.01000213623047,5953400,0.0,0.0
2023-10-18 00:00:00-04:00,72.29000091552734,72.4000015258789,70.83999633789062,71.08999633789062,8486100,0.0,0.0
2023-10-19 00:00:00-04:00,70.19000244140625,71.61000061035156,70.08999633789062,70.61000061035156,6453700,0.0,0.0
2023-10-20 00:00:00-04:00,71.12000274658203,71.18000030517578,69.0199966430664,69.05000305175781,7617300,0.0,0.0
2023-10-23 00:00:00-04:00,68.75,69.5199966430664,68.55999755859375,68.98999786376953,6310000,0.0,0.0
2023-10-24 00:00:00-04:00,69.18000030517578,69.8499984741211,68.61000061035156,68.97000122070312,4958300,0.0,0.0
2023-10-25 00:00:00-04:00,68.61000061035156,69.02999877929688,68.0,68.52999877929688,8302700,0.0,0.0
2023-10-26 00:00:00-04:00,68.0,68.87000274658203,67.56999969482422,67.9800033569336,6112300,0.0,0.0
2023-10-27 00:00:00-04:00,67.83999633789062,67.9000015258789,66.01000213623047,66.29000091552734,6929900,0.0,0.0
2023-10-30 00:00:00-04:00,66.58000183105469,68.16999816894531,66.54000091552734,68.01000213623047,7905400,0.0,0.0
2023-10-31 00:00:00-04:00,68.37999725341797,69.1500015258789,68.19000244140625,69.01000213623047,9085200,0.0,0.0
2023-11-01 00:00:00-04:00,65.75,69.29000091552734,64.41000366210938,68.7300033569336,17541500,0.0,0.0
2023-11-02 00:00:00-04:00,68.45999908447266,70.29000091552734,68.05000305175781,69.63999938964844,9131600,0.0,0.0
2023-11-03 00:00:00-04:00,70.0,70.91000366210938,69.9000015258789,70.25,8027900,0.0,0.0
2023-11-06 00:00:00-05:00,70.30000305175781,71.33999633789062,70.29000091552734,71.08000183105469,5802300,0.0,0.0
2023-11-07 00:00:00-05:00,70.95999908447266,71.23999786376953,70.19000244140625,70.25,5719700,0.0,0.0
2023-11-08 00:00:00-05:00,70.22000122070312,70.70999908447266,68.75,68.75,6124000,0.0,0.0
2023-11-09 00:00:00-05:00,68.70999908447266,68.76000213623047,66.66999816894531,66.73999786376953,6625700,0.0,0.0
2023-11-10 00:00:00-05:00,66.80000305175781,67.72000122070312,66.12000274658203,67.68000030517578,5753400,0.0,0.0
2023-11-13 00:00:00-05:00,67.55999755859375,67.94000244140625,67.04000091552734,67.80000305175781,4230900,0.0,0.0
2023-11-14 00:00:00-05:00,68.05999755859375,69.69000244140625,68.05999755859375,68.5,7270700,0.0,0.0
2023-11-15 00:00:00-05:00,68.69999694824219,69.37999725341797,68.51000213623047,69.12999725341797,6782600,0.0,0.0
2023-11-16 00:00:00-05:00,69.30999755859375,69.41000366210938,67.5199966430664,68.25,8517400,0.0,0.0
2023-11-17 00:00:00-05:00,68.91999816894531,69.01000213623047,68.08000183105469,68.80999755859375,6446800,0.0,0.0
2023-11-20 00:00:00-05:00,68.4000015258789,68.79000091552734,67.79000091552734,68.26000213623047,6418300,0.0,0.0
2023-11-21 00:00:00-05:00,68.44000244140625,68.55000305175781,67.69000244140625,68.08000183105469,4829400,0.0,0.0
2023-11-22 00:00:00-05:00,68.33999633789062,69.2300033569336,68.33999633789062,69.13999938964844,4421800,0.0,0.0
2023-11-24 00:00:00-05:00,68.75,69.48999786376953,68.75,69.41999816894531,2215900,0.0,0.0
2023-11-27 00:00:00-05:00,69.37000274658203,69.61000061035156,68.62000274658203,68.73999786376953,6334300,0.0,0.0
2023-11-28 00:00:00-05:00,68.86000061035156,69.52999877929688,68.5999984741211,69.31999969482422,4291800,0.0,0.0
2023-11-29 00:00:00-05:00,68.73999786376953,68.91000366210938,66.8499984741211,66.9000015258789,9856300,0.0,0.0
2023-11-30 00:00:00-05:00,67.0999984741211,68.05000305175781,66.70999908447266,67.94999694824219,12331300,0.0,0.0
2023-12-01 00:00:00-05:00,67.91000366210938,68.63999938964844,67.36000061035156,68.4800033569336,7091500,0.0,0.0
2023-12-04 00:00:00-05:00,68.41000366210938,69.4800033569336,67.7699966430664,68.4800033569336,7413600,0.0,0.0
2023-12-05 00:00:00-05:00,70.18000030517578,71.7699966430664,69.7300033569336,71.0199966430664,14773700,0.0,0.0
2023-12-06 00:00:00-05:00,71.41999816894531,74.3499984741211,71.30000305175781,73.5,16318800,0.0,0.0
2023-12-07 00:00:00-05:00,73.97000122070312,75.08000183105469,73.4800033569336,74.01000213623047,11383400,0.0,0.0
2023-12-08 00:00:00-05:00,74.37000274658203,75.5199966430664,73.87999725341797,75.0999984741211,10514300,0.0,0.0
2023-12-11 00:00:00-05:00,75.30000305175781,75.52999877929688,73.72000122070312,73.76000213623047,8336200,0.0,0.0
2023-12-12 00:00:00-05:00,73.86000061035156,74.2699966430664,73.37999725341797,73.58999633789062,7249500,0.0,0.0
2023-12-13 00:00:00-05:00,73.6500015258789,75.37999725341797,73.5,75.29000091552734,9012700,0.0,0.0
2023-12-14 00:00:00-05:00,75.38999938964844,75.77999877929688,74.30000305175781,74.48999786376953,8469000,0.0,0.0
2023-12-15 00:00:00-05:00,73.66000366210938,74.62000274658203,73.04000091552734,74.43000030517578,12901300,0.0,0.0
2023-12-18 00:00:00-05:00,75.0,75.22000122070312,74.41000366210938,74.87999725341797,7785900,0.0,0.0
2023-12-19 00:00:00-05:00,74.91000366210938,76.43000030517578,74.55000305175781,76.26000213623047,9035400,0.0,0.0
2023-12-20 00:00:00-05:00,76.62000274658203,78.47000122070312,76.1500015258789,77.23999786376953,13112000,0.0,0.0
2023-12-21 00:00:00-05:00,77.5999984741211,78.76000213623047,77.52999877929688,78.62000274658203,9138900,0.0,0.0
2023-12-22 00:00:00-05:00,79.04000091552734,79.16999816894531,78.36000061035156,78.76000213623047,6076900,0.0,0.0
2023-12-26 00:00:00-05:00,78.62999725341797,79.26000213623047,78.5,79.0,4069000,0.0,0.0
2023-12-27 00:00:00-05:00,78.66999816894531,79.22000122070312,78.51000213623047,78.81999969482422,4184600,0.0,0.0
2023-12-28 00:00:00-05:00,78.73999786376953,79.38999938964844,78.61000061035156,78.97000122070312,3877600,0.0,0.0
2023-12-29 00:00:00-05:00,78.87999725341797,79.16000366210938,78.63999938964844,78.95999908447266,3788700,0.0,0.0
2024-01-02 00:00:00-05:00,78.9000015258789,81.41000366210938,78.9000015258789,80.8499984741211,8780100,0.0,0.0
2024-01-03 00:00:00-05:00,81.4000015258789,81.70999908447266,80.76000213623047,80.87999725341797,6836200,0.0,0.0
2024-01-04 00:00:00-05:00,80.25,80.91999816894531,78.66999816894531,80.51000213623047,22085600,0.0,0.0
2024-01-05 00:00:00-05:00,80.62000274658203,82.16999816894531,80.55999755859375,81.41999816894531,21752600,0.0,0.0
2024-01-08 00:00:00-05:00,82.25,83.25,78.8499984741211,80.68000030517578,22172800,0.0,0.0
2024-01-09 00:00:00-05:00,80.55000305175781,81.02999877929688,80.05999755859375,80.36000061035156,20724500,0.0,0.0
2024-01-10 00:00:00-05:00,80.05000305175781,80.33000183105469,78.72000122070312,79.23999786376953,11833200,0.0,0.0
2024-01-11 00:00:00-05:00,79.37000274658203,79.47000122070312,78.7300033569336,78.93000030517578,15508100,0.0,0.0
2024-01-12 00:00:00-05:00,77.5999984741211,78.27999877929688,75.75,76.55999755859375,15456700,0.0,0.0
2024-01-16 00:00:00-05:00,76.6500015258789,77.44000244140625,76.13999938964844,77.41999816894531,12435000,0.0,0.0
2024-01-17 00:00:00-05:00,77.12999725341797,77.63999938964844,76.72000122070312,76.98999786376953,7922200,0.0,0.0
2024-01-18 00:00:00-05:00,73.12999725341797,74.04000091552734,72.5199966430664,73.87999725341797,14358600,0.0,0.0
2024-01-19 00:00:00-05:00,73.25,73.58999633789062,72.7300033569336,73.22000122070312,16067800,0.0,0.0
2024-01-22 00:00:00-05:00,73.37999725341797,74.43000030517578,73.01000213623047,73.93000030517578,13278400,0.0,0.0
2024-01-23 00:00:00-05:00,73.98999786376953,75.12000274658203,73.93000030517578,75.0999984741211,7168800,0.0,0.0
2024-01-24 00:00:00-05:00,75.98999786376953,76.5999984741211,73.98999786376953,74.19000244140625,17535800,0.0,0.0
2024-01-25 00:00:00-05:00,71.5,72.37999725341797,70.19000244140625,71.98999786376953,27493900,0.0,0.0
2024-01-26 00:00:00-05:00,72.66000366210938,73.0199966430664,71.95999908447266,73.0,11689200,0.0,0.0
2024-01-29 00:00:00-05:00,72.91999816894531,73.63999938964844,72.86000061035156,73.4800033569336,10291700,0.0,0.0
2024-01-30 00:00:00-05:00,74.0,74.23999786376953,73.54000091552734,73.8499984741211,7220000,0.0,0.0
2024-01-31 00:00:00-05:00,74.31999969482422,74.98999786376953,73.83000183105469,74.37000274658203,8678700,0.0,0.0
2024-02-01 00:00:00-05:00,74.43000030517578,74.51000213623047,73.45999908447266,73.91999816894531,10532300,0.0,0.0
2024-02-02 00:00:00-05:00,74.0,74.3499984741211,73.0199966430664,73.08999633789062,10539500,0.0,0.0
2024-02-05 00:00:00-05:00,73.08999633789062,73.25,71.58999633789062,72.44000244140625,23864100,0.0,0.0
2024-02-06 00:00:00-05:00,72.44000244140625,74.16999816894531,72.44000244140625,73.76000213623047,11651700,0.0,0.0
2024-02-07 00:00:00-05:00,75.1500015258789,77.4000015258789,75.05999755859375,76.05000305175781,14953200,0.0,0.0
2024-02-08 00:00:00-05:00,75.86000061035156,75.87000274658203,74.56999969482422,75.08000183105469,12115600,0.0,0.0
2024-02-09 00:00:00-05:00,75.0,76.3499984741211,74.45999908447266,76.31999969482422,9000500,0.0,0.0
2024-02-12 00:00:00-05:00,76.0,78.0199966430664,75.61000061035156,77.29000091552734,11201500,0.0,0.0
2024-02-13 00:00:00-05:00,77.0999984741211,78.30000305175781,76.18000030517578,76.58999633789062,8859800,0.0,0.0
2024-02-14 00:00:00-05:00,76.76000213623047,77.54000091552734,76.04000091552734,76.41000366210938,9769200,0.0,0.0
2024-02-15 00:00:00-05:00,76.72000122070312,77.93000030517578,76.54000091552734,76.5999984741211,13529900,0.0,0.0
2024-02-16 00:00:00-05:00,76.75,77.44000244140625,76.3499984741211,77.0999984741211,8240600,0.0,0.0
2024-02-20 00:00:00-05:00,76.91999816894531,77.56999969482422,76.13999938964844,76.30999755859375,6924000,0.0,0.0
2024-02-21 00:00:00-05:00,76.31999969482422,77.38999938964844,76.16999816894531,77.1500015258789,18723200,0.0,0.0
2024-02-22 00:00:00-05:00,77.1500015258789,77.5,76.73999786376953,77.0999984741211,5698600,0.0,0.0
2024-02-23 00:00:00-05:00,77.29000091552734,77.5199966430664,76.62000274658203,77.19999694824219,4337200,0.0,0.0
2024-02-26 00:00:00-05:00,77.4000015258789,77.94999694824219,76.29000091552734,76.43000030517578,5296400,0.0,0.0
2024-02-27 00:00:00-05:00,76.45999908447266,77.08999633789062,76.13999938964844,76.2699966430664,5245100,0.0,0.0
2024-02-28 00:00:00-05:00,76.08999633789062,76.26000213623047,74.76000213623047,75.19000244140625,6782700,0.0,0.0
2024-02-29 00:00:00-05:00,75.6500015258789,75.91999816894531,73.54000091552734,74.37000274658203,14536300,0.0,0.0
2024-03-01 00:00:00-05:00,74.62999725341797,74.66999816894531,73.04000091552734,73.83999633789062,8494900,0.0,0.0
2024-03-04 00:00:00-05:00,73.95999908447266,74.91000366210938,73.66000366210938,73.88999938964844,13748500,0.0,0.0
2024-03-05 00:00:00-05:00,74.1500015258789,75.38999938964844,73.3499984741211,73.70999908447266,14982800,0.0,0.0
2024-03-06 00:00:00-05:00,73.56999969482422,74.70999908447266,73.41999816894531,74.33999633789062,8839800,0.0,0.0
2024-03-07 00:00:00-05:00,74.3499984741211,74.95999908447266,73.56999969482422,74.30000305175781,6711800,0.0,0.0
2024-03-08 00:00:00-05:00,74.3499984741211,75.37000274658203,74.11000061035156,75.06999969482422,6081900,0.0,0.0
2024-03-11 00:00:00-04:00,74.75,76.44999694824219,74.52999877929688,75.94000244140625,6267800,0.0,0.0
2024-03-12 00:00:00-04:00,75.81999969482422,75.88999938964844,74.6500015258789,75.20999908447266,4637900,0.0,0.0
2024-03-13 00:00:00-04:00,75.1500015258789,76.01000213623047,74.76000213623047,75.08000183105469,5155700,0.0,0.0
2024-03-14 00:00:00-04:00,74.7699966430664,76.5,74.27999877929688,76.41999816894531,7849100,0.0,0.0
2024-03-15 00:00:00-04:00,75.5999984741211,77.61000061035156,75.5999984741211,77.4000015258789,17144800,0.0,0.0
2024-03-18 00:00:00-04:00,77.26000213623047,77.63999938964844,76.38999938964844,77.56999969482422,7117400,0.0,0.0
2024-03-19 00:00:00-04:00,77.88999938964844,78.9000015258789,77.69000244140625,78.05999755859375,7178000,0.0,0.0
2024-03-20 00:00:00-04:00,77.73999786376953,79.0,77.62999725341797,78.9800033569336,6446400,0.0,0.0
2024-03-21 00:00:00-04:00,78.58999633789062,78.94000244140625,77.4000015258789,78.2699966430664,8800000,0.0,0.0
2024-03-22 00:00:00-04:00,78.37999725341797,79.5,78.37999725341797,78.4800033569336,11110100,0.0,0.0
2024-03-25 00:00:00-04:00,78.83000183105469,79.83000183105469,78.55000305175781,78.9800033569336,7956600,0.0,0.0
2024-03-26 00:00:00-04:00,77.66000366210938,79.75,77.66000366210938,79.31999969482422,10158900,0.0,0.0
2024-03-27 00:00:00-04:00,79.55000305175781,79.98999786376953,78.70999908447266,79.43000030517578,10263500,0.0,0.0
2024-03-28 00:00:00-04:00,79.54000091552734,80.75,79.31999969482422,79.76000213623047,8981300,0.0,0.0
2024-04-01 00:00:00-04:00,79.7300033569336,79.9800033569336,79.0999984741211,79.55999755859375,8967700,0.0,0.0
2024-04-02 00:00:00-04:00,74.87999725341797,75.19000244140625,71.95999908447266,73.81999969482422,23677300,0.0,0.0
2024-04-03 00:00:00-04:00,74.04000091552734,74.69999694824219,73.31999969482422,74.5999984741211,9200700,0.0,0.0
2024-04-04 00:00:00-04:00,74.87999725341797,75.2699966430664,73.77999877929688,73.9000015258789,5816300,0.0,0.0
2024-04-05 00:00:00-04:00,74.05999755859375,75.12000274658203,73.69999694824219,74.58000183105469,6366400,0.0,0.0
2024-04-08 00:00:00-04:00,74.41000366210938,74.75,73.83000183105469,74.44000244140625,6497000,0.0,0.0
2024-04-09 00:00:00-04:00,74.73999786376953,74.8499984741211,73.11000061035156,73.36000061035156,5935400,0.0,0.0
2024-04-10 00:00:00-04:00,73.0999984741211,73.18000030517578,70.83999633789062,71.1500015258789,8366100,0.0,0.0
2024-04-11 00:00:00-04:00,71.12000274658203,71.20999908447266,69.69999694824219,69.73999786376953,10455300,0.0,0.0
2024-04-12 00:00:00-04:00,69.54000091552734,69.86000061035156,68.31999969482422,68.63999938964844,7690200,0.0,0.0
2024-04-15 00:00:00-04:00,69.12000274658203,70.0,68.77999877929688,68.95999908447266,7236200,0.0,0.0
2024-04-16 00:00:00-04:00,71.66000366210938,71.66000366210938,68.97000122070312,69.02999877929688,9607400,0.0,0.0
2024-04-17 00:00:00-04:00,69.08999633789062,69.4000015258789,67.95999908447266,68.5999984741211,8100100,0.0,0.0
2024-04-18 00:00:00-04:00,69.16999816894531,69.5999984741211,68.86000061035156,69.38999938964844,10087100,0.0,0.0
2024-04-19 00:00:00-04:00,69.16999816894531,69.94000244140625,68.79000091552734,69.75,7808800,0.0,0.0
2024-04-22 00:00:00-04:00,69.48999786376953,70.12000274658203,69.12999725341797,69.62999725341797,5701600,0.0,0.0
2024-04-23 00:00:00-04:00,69.81999969482422,70.20999908447266,68.37999725341797,68.5,8450700,0.0,0.0
2024-04-24 00:00:00-04:00,68.0999984741211,68.20999908447266,67.4800033569336,67.7699966430664,8650000,0.0,0.0
2024-04-25 00:00:00-04:00,67.5,67.75,66.875,67.30000305175781,3044271,0.0,0.0
